Time,header.seq,header.stamp.secs,header.stamp.nsecs,header.frame_id,level,name,msg,file,function,line,topics
1744732965.5829077,3,1744732965,528222897,,2,/record_1744732965441439576,Subscribing to /foot/imu_data,/tmp/binarydeb/ros-noetic-rosbag-1.17.0/src/recorder.cpp,shared_ptr<ros::Subscriber> rosbag::Recorder::subscribe,256,['/rosout']
1744732965.5829315,4,1744732965,530440694,,2,/record_1744732965441439576,Subscribing to /shank/imu_data,/tmp/binarydeb/ros-noetic-rosbag-1.17.0/src/recorder.cpp,shared_ptr<ros::Subscriber> rosbag::Recorder::subscribe,256,['/rosout']
1744732965.5829368,5,1744732965,532723563,,2,/record_1744732965441439576,Subscribing to /foot/quaternion,/tmp/binarydeb/ros-noetic-rosbag-1.17.0/src/recorder.cpp,shared_ptr<ros::Subscriber> rosbag::Recorder::subscribe,256,['/rosout']
1744732965.582939,6,1744732965,534947642,,2,/record_1744732965441439576,Subscribing to /shank/quaternion,/tmp/binarydeb/ros-noetic-rosbag-1.17.0/src/recorder.cpp,shared_ptr<ros::Subscriber> rosbag::Recorder::subscribe,256,['/rosout']
1744732965.58308,7,1744732965,536845487,,2,/record_1744732965441439576,Subscribing to /ankle_exo/frontal/dynamixel_motor/goal_velocity_forceLoop,/tmp/binarydeb/ros-noetic-rosbag-1.17.0/src/recorder.cpp,shared_ptr<ros::Subscriber> rosbag::Recorder::subscribe,256,['/rosout']
1744732965.5830922,8,1744732965,539143597,,2,/record_1744732965441439576,Subscribing to /ankle_exo/posterior/dynamixel_motor/goal_velocity_forceLoop,/tmp/binarydeb/ros-noetic-rosbag-1.17.0/src/recorder.cpp,shared_ptr<ros::Subscriber> rosbag::Recorder::subscribe,256,['/rosout']
1744732965.5831048,9,1744732965,541269456,,2,/record_1744732965441439576,Subscribing to /ankle_joint/angle_rad,/tmp/binarydeb/ros-noetic-rosbag-1.17.0/src/recorder.cpp,shared_ptr<ros::Subscriber> rosbag::Recorder::subscribe,256,['/rosout']
1744732965.583109,10,1744732965,543692024,,2,/record_1744732965441439576,Subscribing to /ankle_joint/power,/tmp/binarydeb/ros-noetic-rosbag-1.17.0/src/recorder.cpp,shared_ptr<ros::Subscriber> rosbag::Recorder::subscribe,256,['/rosout']
1744732965.5831113,11,1744732965,545710556,,2,/record_1744732965441439576,Subscribing to /ankle_joint/moment,/tmp/binarydeb/ros-noetic-rosbag-1.17.0/src/recorder.cpp,shared_ptr<ros::Subscriber> rosbag::Recorder::subscribe,256,['/rosout']
1744732965.5831168,12,1744732965,548493304,,2,/record_1744732965441439576,Subscribing to /ankle_joint/vel_rad,/tmp/binarydeb/ros-noetic-rosbag-1.17.0/src/recorder.cpp,shared_ptr<ros::Subscriber> rosbag::Recorder::subscribe,256,['/rosout']
1744732965.5831258,13,1744732965,551318916,,2,/record_1744732965441439576,Subscribing to /CoP,/tmp/binarydeb/ros-noetic-rosbag-1.17.0/src/recorder.cpp,shared_ptr<ros::Subscriber> rosbag::Recorder::subscribe,256,['/rosout']
1744732965.5831313,14,1744732965,553805820,,2,/record_1744732965441439576,Subscribing to /ankle_exo/tendons_force,/tmp/binarydeb/ros-noetic-rosbag-1.17.0/src/recorder.cpp,shared_ptr<ros::Subscriber> rosbag::Recorder::subscribe,256,['/rosout']
1744732965.5831366,15,1744732965,556746504,,2,/record_1744732965441439576,Subscribing to /ankle_joint/net_torque,/tmp/binarydeb/ros-noetic-rosbag-1.17.0/src/recorder.cpp,shared_ptr<ros::Subscriber> rosbag::Recorder::subscribe,256,['/rosout']
1744732965.5831432,16,1744732965,559180393,,2,/record_1744732965441439576,Subscribing to /ankle_exo/frontal/dynamixel_motor/status,/tmp/binarydeb/ros-noetic-rosbag-1.17.0/src/recorder.cpp,shared_ptr<ros::Subscriber> rosbag::Recorder::subscribe,256,['/rosout']
1744732965.583146,17,1744732965,561508215,,2,/record_1744732965441439576,Subscribing to /ankle_exo/posterior/dynamixel_motor/status,/tmp/binarydeb/ros-noetic-rosbag-1.17.0/src/recorder.cpp,shared_ptr<ros::Subscriber> rosbag::Recorder::subscribe,256,['/rosout']
1744732965.5831485,18,1744732965,564981739,,2,/record_1744732965441439576,Subscribing to /ankle_exo/frontal/dynamixel_motor/status_physical,/tmp/binarydeb/ros-noetic-rosbag-1.17.0/src/recorder.cpp,shared_ptr<ros::Subscriber> rosbag::Recorder::subscribe,256,['/rosout']
1744732965.5831516,19,1744732965,567235424,,2,/record_1744732965441439576,Subscribing to /ankle_exo/posterior/dynamixel_motor/status_physical,/tmp/binarydeb/ros-noetic-rosbag-1.17.0/src/recorder.cpp,shared_ptr<ros::Subscriber> rosbag::Recorder::subscribe,256,['/rosout']
1744732965.583154,20,1744732965,569913948,,2,/record_1744732965441439576,Subscribing to /moticon_insole_data/right,/tmp/binarydeb/ros-noetic-rosbag-1.17.0/src/recorder.cpp,shared_ptr<ros::Subscriber> rosbag::Recorder::subscribe,256,['/rosout']
1744732965.5831563,21,1744732965,572435443,,2,/record_1744732965441439576,Subscribing to /moticon_insole_data/left,/tmp/binarydeb/ros-noetic-rosbag-1.17.0/src/recorder.cpp,shared_ptr<ros::Subscriber> rosbag::Recorder::subscribe,256,['/rosout']
1744732965.5831606,22,1744732965,575023723,,2,/record_1744732965441439576,Subscribing to /ankle_joint/angle,/tmp/binarydeb/ros-noetic-rosbag-1.17.0/src/recorder.cpp,shared_ptr<ros::Subscriber> rosbag::Recorder::subscribe,256,['/rosout']
1744732965.5831628,23,1744732965,577457554,,2,/record_1744732965441439576,Subscribing to /ankle_exo/frontal/dynamixel_motor/goal_velocity,/tmp/binarydeb/ros-noetic-rosbag-1.17.0/src/recorder.cpp,shared_ptr<ros::Subscriber> rosbag::Recorder::subscribe,256,['/rosout']
1744732965.5831668,24,1744732965,580137691,,2,/record_1744732965441439576,Subscribing to /ankle_exo/posterior/dynamixel_motor/goal_velocity,/tmp/binarydeb/ros-noetic-rosbag-1.17.0/src/recorder.cpp,shared_ptr<ros::Subscriber> rosbag::Recorder::subscribe,256,['/rosout']
1744732965.7715216,13,1744731231,349572658,,2,/tendon_force_controller_19708_1744731231149,Desired Tendon Force: 3N,tendon_force_controller.py,TendonForceController.run,134,"['/rosout', '/ankle_exo/posterior/dynamixel_motor/goal_velocity_forceLoop', '/ankle_exo/frontal/dynamixel_motor/goal_velocity_forceLoop', '/switching_command', '/ankle_exo/tendons_force']"
1744732965.7740595,10,1744728034,141142368,,2,/ankle_dynamics_estimator_20355_1744728033959, - Distance Heel to Ankle: 0.0550 m,ankle_dynamics_estimator.py,AnkleDynamicsEstimator.run,150,"['/ankle_joint/vel_rad', '/CoP', '/ankle_joint/angle_rad', '/rosout', '/ankle_joint/moment', '/moticon_insole_data/left', '/ankle_joint/power', '/ankle_joint/angle']"
1744732965.7869017,6,1744730767,175874233,,8,/loadcells_acquisition_node_22436_1744730765136,Value error: could not convert string to float: '',loadcells_acquisition.py,LoadcellAcquisitionNode.run,99,"['/ankle_exo/tendons_force', '/ankle_joint/net_torque', '/rosout']"
1744732965.8175652,12,1744730807,76575756,,4,/moticon_insole_server_22564_1744730797338,Incomplete Data,insole_acquisition.py,parse_insole_data,119,"['/moticon_insole_data/right', '/rosout', '/moticon_insole_data/left']"
1744732965.8187287,476,1744732885,831887245,,2,/ankle_angle_estimator_23677_1744732880639,Publishing Ankle Angle,ankle_angle_estimator.py,AnkleAngleEstimator.initialize,97,"['/shank/quaternion', '/foot/quaternion', '/ankle_joint/angle_rad', '/rosout', '/ankle_joint/angle']"
1744732965.826866,3,1744732912,73949337,,2,/velocity_publisher_23779_1744732911884,Torque enabled for both motors.,velocity_publisher.py,VelocityPublisher.activate_motors,67,"['/ankle_exo/frontal/dynamixel_motor/goal_velocity_forceLoop', '/ankle_exo/frontal/dynamixel_motor/goal_velocity', '/ankle_exo/posterior/dynamixel_motor/goal_velocity_forceLoop', '/rosout', '/ankle_exo/posterior/dynamixel_motor/status', '/ankle_exo/frontal/dynamixel_motor/status', '/ankle_exo/frontal/dynamixel_motor/goal_velocity_angleLoop', '/ankle_exo/posterior/dynamixel_motor/goal_velocity', '/ankle_exo/posterior/dynamixel_motor/goal_velocity_angleLoop']"
1744733048.2342556,477,1744733048,233474969,,4,/ankle_angle_estimator_23677_1744732880639,Incomplete Shank Data,ankle_angle_estimator.py,AnkleAngleEstimator.process_data,64,"['/shank/quaternion', '/foot/quaternion', '/ankle_joint/angle_rad', '/rosout', '/ankle_joint/angle']"
1744733257.6000438,478,1744733257,599624633,,4,/ankle_angle_estimator_23677_1744732880639,Incomplete Shank Data,ankle_angle_estimator.py,AnkleAngleEstimator.process_data,64,"['/shank/quaternion', '/foot/quaternion', '/ankle_joint/angle_rad', '/rosout', '/ankle_joint/angle']"
