Header,TimeStamp,QuatX,QuatY,QuatZ,QuatW,GyroX,GyroY,GyroZ,AccelX,AccelY,AccelZ,EulerX,EulerY,EulerZ,GravityX,GravityY,GravityZ,TimeStampGlob
,0,0.01,0.77,-0.05,0.64,-0,-0,0.01,-9.55,-0.61,-1.8,0,0,0,-9.62,-0.66,-1.74,0.208215475082397
,0,0.01,0.77,-0.05,0.64,-0.01,-0,0.01,-9.6,-0.62,-1.79,0,0,0,-9.62,-0.66,-1.74,0.225119113922119
,0,0.01,0.77,-0.05,0.64,-0.02,-0.01,0.01,-9.6,-0.61,-1.77,0,0,0,-9.62,-0.66,-1.74,0.243421316146851
,0,0.01,0.77,-0.05,0.64,-0.03,-0.01,0,-9.59,-0.59,-1.76,0,0,0,-9.62,-0.66,-1.74,0.261023998260498
,0,0.01,0.77,-0.05,0.64,-0.03,-0.01,0,-9.57,-0.6,-1.73,0,0,0,-9.62,-0.66,-1.74,0.279213428497314
,0,0.01,0.77,-0.05,0.64,-0.03,-0,-0,-9.6,-0.56,-1.66,0,0,0,-9.62,-0.66,-1.74,0.294930219650269
,0,0.01,0.77,-0.05,0.64,-0.05,0,-0.01,-9.57,-0.58,-1.7,0,0,0,-9.62,-0.66,-1.74,0.313491821289062
,0,0.01,0.77,-0.05,0.64,-0.05,0.01,-0.01,-9.57,-0.57,-1.68,0,0,0,-9.62,-0.66,-1.74,0.330424308776855
,0,0.01,0.77,-0.05,0.64,-0.04,0.02,-0.01,-9.57,-0.56,-1.65,0,0,0,-9.62,-0.66,-1.75,0.348116397857666
,0,0.01,0.77,-0.05,0.64,-0.04,0.03,-0.02,-9.59,-0.59,-1.73,0,0,0,-9.62,-0.66,-1.75,0.366000413894653
,0,0.01,0.77,-0.05,0.64,-0.03,0.03,-0.03,-9.57,-0.63,-1.75,0,0,0,-9.62,-0.66,-1.76,0.382003784179688
,0,0,0.77,-0.05,0.64,-0.03,0.03,-0.03,-9.58,-0.68,-1.81,0,0,0,-9.62,-0.67,-1.76,0.399730443954468
,0,0,0.77,-0.05,0.64,-0.03,0.03,-0.03,-9.59,-0.68,-1.85,0,0,0,-9.62,-0.67,-1.77,0.417116403579712
,0,0,0.77,-0.05,0.64,-0.02,0.03,-0.02,-9.57,-0.68,-1.84,0,0,0,-9.62,-0.67,-1.77,0.432698011398315
,0,0,0.77,-0.05,0.64,-0.01,0.02,-0.02,-9.58,-0.65,-1.84,0,0,0,-9.61,-0.68,-1.78,0.451227188110352
,0,0,0.77,-0.05,0.64,-0.01,0.01,-0.02,-9.59,-0.71,-1.85,0,0,0,-9.61,-0.68,-1.78,0.469101428985596
,0,0,0.77,-0.05,0.64,-0.02,0.01,-0.01,-9.58,-0.69,-1.87,0,0,0,-9.61,-0.68,-1.78,0.484782934188843
,0,0,0.77,-0.05,0.64,0,-0,-0.01,-9.57,-0.66,-1.84,0,0,0,-9.61,-0.68,-1.78,0.503656387329102
,0,0,0.77,-0.05,0.64,0.01,-0,-0.01,-9.56,-0.66,-1.8,0,0,0,-9.61,-0.68,-1.78,0.521781921386719
,0,0,0.77,-0.05,0.64,0.01,0,-0.01,-9.57,-0.63,-1.72,0,0,0,-9.61,-0.68,-1.78,0.537781715393066
,0,0,0.77,-0.05,0.64,0.01,0,-0.01,-9.56,-0.65,-1.75,0,0,0,-9.61,-0.68,-1.78,0.556364297866821
,0,0,0.77,-0.05,0.64,0.01,0.01,-0.01,-9.58,-0.64,-1.76,0,0,0,-9.61,-0.68,-1.78,0.575399398803711
,0,0,0.77,-0.05,0.64,0,0,-0.01,-9.59,-0.64,-1.77,0,0,0,-9.61,-0.68,-1.78,0.593040227890015
,0,0,0.77,-0.05,0.64,0.01,0.01,-0.01,-9.55,-0.68,-1.83,0,0,0,-9.61,-0.68,-1.78,0.611609697341919
,0,0,0.77,-0.05,0.64,0.01,0.01,-0.01,-9.57,-0.69,-1.83,0,0,0,-9.61,-0.68,-1.78,0.629400491714478
,0,0,0.77,-0.05,0.64,0.01,-0,-0,-9.58,-0.7,-1.82,0,0,0,-9.61,-0.68,-1.78,0.64696741104126
,0,0,0.77,-0.05,0.64,0.01,0,0,-9.58,-0.68,-1.83,0,0,0,-9.61,-0.68,-1.78,0.665135622024536
,0,0,0.77,-0.05,0.64,0.02,-0,0,-9.59,-0.69,-1.79,0,0,0,-9.61,-0.68,-1.78,0.682234764099121
,0,0,0.77,-0.05,0.64,0.02,-0,0,-9.54,-0.65,-1.76,0,0,0,-9.61,-0.68,-1.78,0.700380802154541
,0,0,0.77,-0.05,0.64,0.02,-0,0.01,-9.58,-0.64,-1.8,0,0,0,-9.61,-0.68,-1.78,0.717737197875977
,0,0,0.77,-0.05,0.64,0.01,-0,0,-9.57,-0.67,-1.79,0,0,0,-9.61,-0.68,-1.78,0.734672546386719
,0,0,0.77,-0.05,0.64,0.01,-0.01,0.01,-9.57,-0.67,-1.79,0,0,0,-9.61,-0.68,-1.78,0.754258155822754
,0,0,0.77,-0.05,0.64,0.02,-0,0.01,-9.58,-0.66,-1.79,0,0,0,-9.61,-0.68,-1.78,0.772935628890991
,0,0,0.77,-0.05,0.64,0.02,-0.01,0.01,-9.61,-0.62,-1.76,0,0,0,-9.61,-0.68,-1.78,0.788890838623047
,0,0,0.77,-0.05,0.64,0.02,-0,0,-9.6,-0.62,-1.72,0,0,0,-9.61,-0.68,-1.78,0.806970119476318
,0,0,0.77,-0.05,0.64,-0,0,0,-9.57,-0.65,-1.76,0,0,0,-9.61,-0.68,-1.78,0.825616836547852
,0,0,0.77,-0.05,0.64,0,0,0,-9.58,-0.63,-1.78,0,0,0,-9.61,-0.68,-1.78,0.843613147735596
,0,0,0.77,-0.05,0.64,0.01,0,0,-9.56,-0.66,-1.81,0,0,0,-9.61,-0.68,-1.78,0.863529682159424
,0,0,0.77,-0.05,0.64,0.01,-0,0,-9.57,-0.63,-1.8,0,0,0,-9.61,-0.68,-1.78,0.881618499755859
,0,0,0.77,-0.05,0.64,0.01,0,0,-9.58,-0.64,-1.79,0,0,0,-9.61,-0.68,-1.78,0.898600339889526
,0,0,0.77,-0.05,0.64,0,-0,0,-9.59,-0.65,-1.79,0,0,0,-9.61,-0.68,-1.78,0.916748285293579
,0,0,0.77,-0.05,0.64,0,0,0,-9.57,-0.66,-1.79,0,0,0,-9.61,-0.68,-1.78,0.934001922607422
,0,0,0.77,-0.05,0.64,0.01,0,0,-9.57,-0.61,-1.74,0,0,0,-9.61,-0.68,-1.78,0.953485488891602
,0,0,0.77,-0.05,0.64,-0,0.01,0,-9.58,-0.62,-1.77,0,0,0,-9.61,-0.68,-1.78,0.972770690917969
,0,0,0.77,-0.05,0.64,-0.01,0.01,0,-9.56,-0.66,-1.76,0,0,0,-9.61,-0.68,-1.78,0.988327264785767
,0,0,0.77,-0.05,0.64,-0.02,0,0,-9.61,-0.65,-1.76,0,0,0,-9.61,-0.68,-1.78,1.00678277015686
,0,0,0.77,-0.05,0.64,-0.01,0.01,-0,-9.6,-0.63,-1.76,0,0,0,-9.61,-0.68,-1.78,1.02602314949036
,0,0,0.77,-0.05,0.64,-0.01,0.01,-0,-9.57,-0.61,-1.8,0,0,0,-9.61,-0.68,-1.78,1.04331660270691
,0,0,0.77,-0.05,0.64,-0.01,0.01,-0,-9.58,-0.65,-1.83,0,0,0,-9.61,-0.68,-1.78,1.06300687789917
,0,0,0.77,-0.05,0.64,-0.01,0.01,-0,-9.58,-0.67,-1.79,0,0,0,-9.61,-0.68,-1.78,1.08016729354858
,0,0,0.77,-0.05,0.64,-0.01,0.01,-0,-9.58,-0.66,-1.78,0,0,0,-9.61,-0.68,-1.78,1.09753012657166
,0,0,0.77,-0.05,0.64,-0.01,0.01,0,-9.59,-0.65,-1.84,0,0,0,-9.61,-0.68,-1.78,1.11667704582214
,0,0,0.77,-0.05,0.64,-0,0,-0,-9.58,-0.65,-1.82,0,0,0,-9.61,-0.68,-1.78,1.13449430465698
,0,0,0.77,-0.05,0.64,0.01,0,-0,-9.59,-0.65,-1.79,0,0,0,-9.61,-0.68,-1.78,1.15416622161865
,0,0,0.77,-0.05,0.64,0.01,0,0,-9.57,-0.66,-1.83,0,0,0,-9.61,-0.68,-1.78,1.17453765869141
,0,0,0.77,-0.05,0.64,0.02,0,0,-9.58,-0.63,-1.79,0,0,0,-9.61,-0.68,-1.78,1.19012713432312
,0,0,0.77,-0.05,0.64,0.01,0,0,-9.58,-0.62,-1.79,0,0,0,-9.61,-0.68,-1.78,1.20707082748413
,0,0,0.77,-0.05,0.64,0.01,0,-0,-9.59,-0.63,-1.81,0,0,0,-9.61,-0.68,-1.78,1.22669959068298
,0,0,0.77,-0.05,0.64,0,0,0,-9.59,-0.65,-1.83,0,0,0,-9.61,-0.68,-1.78,1.24511981010437
,0,0,0.77,-0.05,0.64,0,0.01,0,-9.58,-0.65,-1.82,0,0,0,-9.61,-0.68,-1.78,1.26596736907959
,0,0,0.77,-0.05,0.64,-0,0,0,-9.55,-0.64,-1.83,0,0,0,-9.61,-0.68,-1.78,1.28406429290771
,0,0,0.77,-0.05,0.64,-0,0,0,-9.6,-0.65,-1.85,0,0,0,-9.61,-0.68,-1.78,1.30149221420288
,0,0,0.77,-0.05,0.64,0,-0,0,-9.57,-0.67,-1.86,0,0,0,-9.61,-0.68,-1.78,1.31807541847229
,0,0,0.77,-0.05,0.64,0,-0.01,0,-9.6,-0.67,-1.82,0,0,0,-9.61,-0.68,-1.78,1.33576989173889
,0,0,0.77,-0.05,0.64,0,-0.01,0,-9.55,-0.63,-1.78,0,0,0,-9.61,-0.68,-1.78,1.35589957237244
,0,0,0.77,-0.05,0.64,-0.01,-0.01,0,-9.56,-0.6,-1.8,0,0,0,-9.61,-0.68,-1.78,1.37630891799927
,0,0,0.77,-0.05,0.64,-0.01,-0,0,-9.56,-0.64,-1.79,0,0,0,-9.61,-0.68,-1.78,1.39488291740417
,0,0,0.77,-0.05,0.64,-0.01,0,-0,-9.59,-0.61,-1.79,0,0,0,-9.61,-0.68,-1.78,1.41484951972961
,0,0,0.77,-0.05,0.64,-0,0,-0,-9.58,-0.64,-1.76,0,0,0,-9.61,-0.68,-1.78,1.43201971054077
,0,0,0.77,-0.05,0.64,-0,0,-0.01,-9.58,-0.62,-1.76,0,0,0,-9.61,-0.68,-1.78,1.44866561889648
,0,0,0.77,-0.05,0.64,-0.01,0,-0,-9.58,-0.63,-1.83,0,0,0,-9.61,-0.68,-1.78,1.46785283088684
,0,0,0.77,-0.05,0.64,-0.01,0,-0,-9.55,-0.65,-1.84,0,0,0,-9.61,-0.68,-1.78,1.48603081703186
,0,0,0.77,-0.05,0.64,-0,0,-0,-9.57,-0.66,-1.84,0,0,0,-9.61,-0.68,-1.78,1.50612688064575
,0,0,0.77,-0.05,0.64,0,-0.01,-0,-9.58,-0.64,-1.8,0,0,0,-9.61,-0.68,-1.78,1.52652931213379
,0,0,0.77,-0.05,0.64,-0,-0,-0,-9.59,-0.65,-1.81,0,0,0,-9.61,-0.68,-1.78,1.54426097869873
,0,0,0.77,-0.05,0.64,-0,-0.01,-0,-9.58,-0.63,-1.78,0,0,0,-9.61,-0.68,-1.78,1.56182765960693
,0,0,0.77,-0.05,0.64,-0.01,-0.01,-0,-9.57,-0.62,-1.84,0,0,0,-9.61,-0.68,-1.78,1.57846164703369
,0,0,0.77,-0.05,0.64,-0,-0.01,-0,-9.58,-0.66,-1.8,0,0,0,-9.61,-0.68,-1.78,1.59749627113342
,0,0,0.77,-0.05,0.64,0.01,-0,-0,-9.58,-0.65,-1.81,0,0,0,-9.61,-0.68,-1.78,1.61726784706116
,0,0,0.77,-0.05,0.64,0,-0.01,-0,-9.59,-0.64,-1.78,0,0,0,-9.61,-0.68,-1.78,1.6351900100708
,0,0,0.77,-0.05,0.64,-0.01,-0,0,-9.56,-0.66,-1.82,0,0,0,-9.61,-0.68,-1.78,1.65553402900696
,0,0,0.77,-0.05,0.64,0,-0.01,0,-9.57,-0.65,-1.82,0,0,0,-9.61,-0.68,-1.78,1.6761577129364
,0,0,0.77,-0.05,0.64,0.01,-0.01,0,-9.58,-0.66,-1.77,0,0,0,-9.61,-0.68,-1.78,1.69379830360413
,0,0,0.77,-0.05,0.64,0.01,-0,0,-9.59,-0.64,-1.8,0,0,0,-9.61,-0.68,-1.78,1.71063375473022
,0,0,0.77,-0.05,0.64,0.01,-0.01,0,-9.57,-0.61,-1.77,0,0,0,-9.61,-0.68,-1.78,1.7289125919342
,0,0,0.77,-0.05,0.64,-0,-0.01,0,-9.56,-0.62,-1.8,0,0,0,-9.61,-0.68,-1.78,1.74718141555786
,0,0,0.77,-0.05,0.64,0,-0,0,-9.57,-0.62,-1.76,0,0,0,-9.61,-0.68,-1.78,1.76784801483154
,0,0,0.77,-0.05,0.64,-0,0,0,-9.59,-0.61,-1.8,0,0,0,-9.61,-0.68,-1.78,1.78626918792725
,0,0,0.77,-0.05,0.64,-0.01,-0,0,-9.59,-0.64,-1.83,0,0,0,-9.61,-0.68,-1.78,1.80645418167114
,0,0,0.77,-0.05,0.64,0,-0.01,0,-9.57,-0.65,-1.83,0,0,0,-9.61,-0.68,-1.78,1.82652735710144
,0,0,0.77,-0.05,0.64,0,-0.01,0,-9.59,-0.65,-1.8,0,0,0,-9.61,-0.68,-1.78,1.84333896636963
,0,0,0.77,-0.05,0.64,0,-0.01,0,-9.58,-0.63,-1.76,0,0,0,-9.61,-0.68,-1.78,1.85988688468933
,0,0,0.77,-0.05,0.64,-0,-0.01,0,-9.56,-0.59,-1.69,0,0,0,-9.61,-0.68,-1.78,1.87778759002686
,0,0,0.77,-0.05,0.64,-0.01,-0.01,0,-9.57,-0.61,-1.79,0,0,0,-9.61,-0.68,-1.78,1.8967981338501
,0,0,0.77,-0.05,0.64,-0.01,-0.01,-0,-9.61,-0.67,-1.78,0,0,0,-9.61,-0.68,-1.78,1.91728591918945
,0,0,0.77,-0.05,0.64,-0.01,-0,-0,-9.6,-0.62,-1.78,0,0,0,-9.61,-0.68,-1.78,1.93638348579407
,0,0,0.77,-0.05,0.64,-0.01,-0.01,0,-9.58,-0.59,-1.79,0,0,0,-9.61,-0.68,-1.78,1.95655131340027
,0,0,0.77,-0.05,0.64,-0.01,-0.01,-0,-9.58,-0.65,-1.81,0,0,0,-9.61,-0.68,-1.78,1.97749543190002
,0,0,0.77,-0.05,0.64,-0.01,-0.01,0,-9.59,-0.65,-1.8,0,0,0,-9.61,-0.68,-1.78,1.99698901176453
,0,0,0.77,-0.05,0.64,-0.01,-0.01,0,-9.59,-0.64,-1.81,0,0,0,-9.61,-0.68,-1.78,2.01735043525696
,0,0,0.77,-0.05,0.64,0,-0.01,0,-9.58,-0.66,-1.79,0,0,0,-9.61,-0.68,-1.78,2.0356719493866
,0,0,0.77,-0.05,0.64,0,-0.01,0,-9.55,-0.63,-1.77,0,0,0,-9.61,-0.68,-1.78,2.05632543563843
,0,0,0.77,-0.05,0.64,-0,-0,0,-9.61,-0.61,-1.78,0,0,0,-9.61,-0.68,-1.78,2.07589483261108
,0,0,0.77,-0.05,0.64,-0.01,-0,0,-9.58,-0.66,-1.79,0,0,0,-9.61,-0.68,-1.78,2.09096646308899
,0,0,0.77,-0.05,0.64,-0,0,0,-9.59,-0.63,-1.78,0,0,0,-9.61,-0.68,-1.78,2.10859155654907
,0,0,0.77,-0.05,0.64,-0,-0,0,-9.57,-0.65,-1.8,0,0,0,-9.61,-0.68,-1.78,2.12851333618164
,0,0,0.77,-0.05,0.64,0,-0.01,0,-9.61,-0.6,-1.75,0,0,0,-9.61,-0.68,-1.78,2.14707565307617
,0,0,0.77,-0.05,0.64,-0,-0,0,-9.57,-0.62,-1.8,0,0,0,-9.61,-0.68,-1.78,2.16759610176086
,0,0,0.77,-0.05,0.64,0,-0.01,0,-9.58,-0.63,-1.76,0,0,0,-9.61,-0.68,-1.78,2.18649625778198
,0,0,0.77,-0.05,0.64,0.01,-0.01,0,-9.59,-0.63,-1.73,0,0,0,-9.61,-0.68,-1.78,2.20669889450073
,0,0,0.77,-0.05,0.64,0,-0.01,0,-9.58,-0.61,-1.76,0,0,0,-9.61,-0.68,-1.78,2.2268009185791
,0,0,0.77,-0.05,0.64,-0,-0.01,0,-9.59,-0.61,-1.75,0,0,0,-9.61,-0.68,-1.78,2.24249601364136
,0,0,0.77,-0.05,0.64,-0.01,-0,-0,-9.57,-0.6,-1.76,0,0,0,-9.61,-0.68,-1.78,2.25914001464844
,0,0,0.77,-0.05,0.64,0,-0,-0,-9.59,-0.59,-1.75,0,0,0,-9.61,-0.68,-1.78,2.27850103378296
,0,0,0.77,-0.05,0.64,0,0,-0,-9.61,-0.61,-1.74,0,0,0,-9.61,-0.68,-1.78,2.29741406440735
,0,0,0.77,-0.05,0.64,0,-0,0,-9.57,-0.62,-1.76,0,0,0,-9.61,-0.68,-1.78,2.31795573234558
,0,0,0.77,-0.05,0.64,-0,0,-0,-9.6,-0.63,-1.77,0,0,0,-9.61,-0.68,-1.78,2.33657813072205
,0,0,0.77,-0.05,0.64,0.01,0,0,-9.59,-0.6,-1.78,0,0,0,-9.61,-0.68,-1.78,2.35691618919373
,0,0,0.77,-0.05,0.64,0,0,-0,-9.58,-0.6,-1.77,0,0,0,-9.61,-0.68,-1.78,2.37710952758789
,0,0,0.77,-0.05,0.64,0,0,-0,-9.6,-0.67,-1.76,0,0,0,-9.61,-0.68,-1.78,2.39289593696594
,0,0,0.77,-0.05,0.64,0,-0,-0,-9.59,-0.67,-1.77,0,0,0,-9.61,-0.68,-1.78,2.40938496589661
,0,0,0.77,-0.05,0.64,0.01,0,0,-9.57,-0.64,-1.79,0,0,0,-9.61,-0.68,-1.78,2.42901086807251
,0,0,0.77,-0.05,0.64,0,0,0,-9.57,-0.62,-1.76,0,0,0,-9.61,-0.68,-1.78,2.44770288467407
,0,0,0.77,-0.05,0.64,-0,-0,-0,-9.57,-0.62,-1.82,0,0,0,-9.61,-0.68,-1.78,2.46773815155029
,0,0,0.77,-0.05,0.64,0,-0,-0,-9.6,-0.58,-1.76,0,0,0,-9.61,-0.68,-1.78,2.48672080039978
,0,0,0.77,-0.05,0.64,-0,-0,-0,-9.58,-0.63,-1.77,0,0,0,-9.61,-0.68,-1.78,2.50653672218323
,0,0,0.77,-0.05,0.64,-0,0,-0.01,-9.57,-0.64,-1.76,0,0,0,-9.61,-0.68,-1.78,2.52532553672791
,0,0,0.77,-0.05,0.64,0,0,-0,-9.6,-0.63,-1.73,0,0,0,-9.61,-0.68,-1.78,2.54030656814575
,0,0,0.77,-0.05,0.64,-0,0,-0,-9.57,-0.63,-1.75,0,0,0,-9.61,-0.68,-1.78,2.55928158760071
,0,0,0.77,-0.05,0.64,-0,0.01,-0.01,-9.6,-0.61,-1.82,0,0,0,-9.61,-0.68,-1.78,2.57868647575378
,0,0,0.77,-0.05,0.64,-0,0,-0,-9.59,-0.63,-1.78,0,0,0,-9.61,-0.68,-1.78,2.59732127189636
,0,0,0.77,-0.05,0.64,0,0,-0,-9.57,-0.61,-1.79,0,0,0,-9.61,-0.68,-1.78,2.61726140975952
,0,0,0.77,-0.05,0.64,0,-0,-0,-9.57,-0.61,-1.79,0,0,0,-9.61,-0.68,-1.78,2.63488817214966
,0,0,0.77,-0.05,0.64,0,0.01,-0,-9.58,-0.62,-1.76,0,0,0,-9.61,-0.68,-1.78,2.65068078041077
,0,0,0.77,-0.05,0.64,-0,0,-0.01,-9.59,-0.65,-1.77,0,0,0,-9.61,-0.68,-1.78,2.66939949989319
,0,0,0.77,-0.05,0.64,0,0,-0.01,-9.59,-0.62,-1.76,0,0,0,-9.61,-0.68,-1.78,2.6877064704895
,0,0,0.77,-0.05,0.64,-0.01,0,-0.01,-9.58,-0.58,-1.79,0,0,0,-9.61,-0.68,-1.78,2.70811724662781
,0,0,0.77,-0.05,0.64,-0.01,0,-0.01,-9.59,-0.63,-1.8,0,0,0,-9.61,-0.68,-1.78,2.72780919075012
,0,0,0.77,-0.05,0.64,-0.01,0.01,-0.01,-9.6,-0.61,-1.78,0,0,0,-9.61,-0.68,-1.78,2.74508166313171
,0,0,0.77,-0.05,0.64,-0.01,0,-0,-9.56,-0.66,-1.83,0,0,0,-9.61,-0.68,-1.78,2.76079344749451
,0,0,0.77,-0.05,0.64,-0,-0.01,0,-9.59,-0.64,-1.81,0,0,0,-9.61,-0.68,-1.78,2.77939796447754
,0,0,0.77,-0.05,0.64,0,-0.01,0,-9.58,-0.62,-1.8,0,0,0,-9.61,-0.68,-1.78,2.79810571670532
,0,0,0.77,-0.05,0.64,-0,-0,0,-9.59,-0.62,-1.82,0,0,0,-9.61,-0.68,-1.78,2.81785988807678
,0,0,0.77,-0.05,0.64,0,-0,0,-9.58,-0.62,-1.77,0,0,0,-9.61,-0.68,-1.78,2.83634042739868
,0,0,0.77,-0.05,0.64,0,-0,0,-9.57,-0.63,-1.78,0,0,0,-9.61,-0.68,-1.78,2.85118365287781
,0,0,0.77,-0.05,0.64,0,-0,0,-9.58,-0.64,-1.81,0,0,0,-9.61,-0.68,-1.78,2.86924386024475
,0,0,0.77,-0.05,0.64,0.01,-0,0,-9.58,-0.64,-1.79,0,0,0,-9.61,-0.68,-1.78,2.8883650302887
,0,0,0.77,-0.05,0.64,-0,-0,-0,-9.57,-0.65,-1.8,0,0,0,-9.61,-0.68,-1.78,2.90879321098328
,0,0,0.77,-0.05,0.64,0,-0,0,-9.58,-0.64,-1.75,0,0,0,-9.61,-0.68,-1.78,2.92876482009888
,0,0,0.77,-0.05,0.64,0,-0,0,-9.57,-0.6,-1.75,0,0,0,-9.61,-0.68,-1.78,2.94509363174438
,0,0,0.77,-0.05,0.64,-0,0,0,-9.59,-0.64,-1.78,0,0,0,-9.61,-0.68,-1.78,2.9604709148407
,0,0,0.77,-0.05,0.64,-0.01,0,0,-9.6,-0.64,-1.8,0,0,0,-9.61,-0.68,-1.78,2.98019003868103
,0,0,0.77,-0.05,0.64,0,0,0,-9.58,-0.63,-1.8,0,0,0,-9.61,-0.68,-1.78,2.99764657020569
,0,0,0.77,-0.05,0.64,0.01,-0,0.01,-9.59,-0.65,-1.81,0,0,0,-9.61,-0.68,-1.78,3.01659297943115
,0,0,0.77,-0.05,0.64,0,-0,0,-9.57,-0.66,-1.8,0,0,0,-9.61,-0.68,-1.78,3.03156352043152
,0,0,0.77,-0.05,0.64,0.01,-0,0,-9.57,-0.61,-1.76,0,0,0,-9.61,-0.68,-1.78,3.04925513267517
,0,0,0.77,-0.05,0.64,0,-0,0,-9.58,-0.6,-1.79,0,0,0,-9.61,-0.68,-1.78,3.06870198249817
,0,0,0.77,-0.05,0.64,-0.01,-0,0,-9.58,-0.65,-1.8,0,0,0,-9.61,-0.68,-1.78,3.0865330696106
,0,0,0.77,-0.05,0.64,0,-0,0,-9.6,-0.62,-1.79,0,0,0,-9.61,-0.68,-1.78,3.10142064094543
,0,0,0.77,-0.05,0.64,0,-0.01,0.01,-9.59,-0.64,-1.77,0,0,0,-9.61,-0.68,-1.78,3.11968231201172
,0,0,0.77,-0.05,0.64,0.01,-0.01,0.01,-9.58,-0.63,-1.76,0,0,0,-9.61,-0.68,-1.78,3.13889622688293
,0,0,0.77,-0.05,0.64,0.01,-0.01,0.01,-9.57,-0.62,-1.79,0,0,0,-9.61,-0.68,-1.78,3.15852475166321
,0,0,0.77,-0.05,0.64,0,-0.01,0.01,-9.6,-0.6,-1.8,0,0,0,-9.61,-0.68,-1.78,3.17862963676453
,0,0,0.77,-0.05,0.64,-0,-0.01,0.01,-9.57,-0.65,-1.78,0,0,0,-9.61,-0.68,-1.78,3.19485878944397
,0,0,0.77,-0.05,0.64,0,-0.01,0.01,-9.58,-0.61,-1.79,0,0,0,-9.61,-0.68,-1.78,3.21072816848755
,0,0,0.77,-0.05,0.64,0.01,-0.01,0,-9.56,-0.63,-1.77,0,0,0,-9.61,-0.68,-1.78,3.22986221313477
,0,0,0.77,-0.05,0.64,0,-0.01,0.01,-9.58,-0.61,-1.74,0,0,0,-9.61,-0.68,-1.78,3.24730825424194
,0,0,0.77,-0.05,0.64,-0,0,-0,-9.58,-0.6,-1.77,0,0,0,-9.61,-0.68,-1.78,3.26452207565308
,0,0,0.77,-0.05,0.64,-0,0,-0,-9.58,-0.63,-1.78,0,0,0,-9.61,-0.68,-1.78,3.28103613853455
,0,0,0.77,-0.05,0.64,-0.01,0.01,-0,-9.56,-0.65,-1.76,0,0,0,-9.61,-0.68,-1.78,3.29895544052124
,0,0,0.77,-0.05,0.64,-0,0,-0.01,-9.59,-0.62,-1.79,0,0,0,-9.61,-0.68,-1.78,3.3184380531311
,0,0,0.77,-0.05,0.64,-0,0.01,-0,-9.59,-0.61,-1.75,0,0,0,-9.61,-0.68,-1.78,3.33403754234314
,0,0,0.77,-0.05,0.64,-0.01,0,-0,-9.56,-0.64,-1.8,0,0,0,-9.61,-0.68,-1.78,3.35079836845398
,0,0,0.77,-0.05,0.64,-0.01,0.01,-0.01,-9.55,-0.64,-1.82,0,0,0,-9.61,-0.68,-1.78,3.36963558197021
,0,0,0.77,-0.05,0.64,-0,0.01,-0.01,-9.57,-0.63,-1.83,0,0,0,-9.61,-0.68,-1.78,3.38783764839172
,0,0,0.77,-0.05,0.64,-0,0.01,-0.01,-9.57,-0.65,-1.78,0,0,0,-9.61,-0.68,-1.78,3.40427589416504
,0,0,0.77,-0.05,0.64,-0,0,-0.01,-9.58,-0.61,-1.82,0,0,0,-9.61,-0.68,-1.78,3.42122006416321
,0,0,0.77,-0.05,0.64,-0,0,-0,-9.58,-0.62,-1.78,0,0,0,-9.61,-0.68,-1.78,3.43985557556152
,0,0,0.77,-0.05,0.64,-0.01,0,-0.01,-9.57,-0.64,-1.8,0,0,0,-9.61,-0.68,-1.78,3.45934462547302
,0,0,0.77,-0.05,0.64,0,-0,-0,-9.57,-0.62,-1.82,0,0,0,-9.61,-0.68,-1.78,3.47861194610596
,0,0,0.77,-0.05,0.64,0,0,-0.01,-9.57,-0.61,-1.78,0,0,0,-9.61,-0.68,-1.78,3.49534368515015
,0,0,0.77,-0.05,0.64,0,0,-0.01,-9.58,-0.64,-1.8,0,0,0,-9.61,-0.68,-1.78,3.51203179359436
,0,0,0.77,-0.05,0.64,0,0,-0.01,-9.57,-0.64,-1.81,0,0,0,-9.61,-0.68,-1.78,3.53068804740906
,0,0,0.77,-0.05,0.64,0,0,-0,-9.56,-0.64,-1.79,0,0,0,-9.61,-0.68,-1.78,3.54817676544189
,0,0,0.77,-0.05,0.64,0.01,0.01,-0,-9.6,-0.66,-1.81,0,0,0,-9.61,-0.68,-1.78,3.56424927711487
,0,0,0.77,-0.05,0.64,0,0,-0.01,-9.59,-0.64,-1.82,0,0,0,-9.61,-0.68,-1.78,3.58141279220581
,0,0,0.77,-0.05,0.64,-0,-0,-0.01,-9.59,-0.65,-1.85,0,0,0,-9.61,-0.68,-1.78,3.59849858283997
,0,0,0.77,-0.05,0.64,0,0,-0,-9.6,-0.64,-1.84,0,0,0,-9.61,-0.68,-1.78,3.61728167533875
,0,0,0.77,-0.05,0.64,0,-0,-0,-9.57,-0.67,-1.8,0,0,0,-9.61,-0.68,-1.78,3.63204121589661
,0,0,0.77,-0.05,0.64,0,-0,-0,-9.57,-0.66,-1.81,0,0,0,-9.61,-0.68,-1.78,3.64952516555786
,0,0,0.77,-0.05,0.64,0.01,-0,-0,-9.57,-0.64,-1.81,0,0,0,-9.61,-0.68,-1.78,3.66864085197449
,0,0,0.77,-0.05,0.64,0.01,0,-0,-9.57,-0.64,-1.78,0,0,0,-9.61,-0.68,-1.78,3.6834020614624
,0,0,0.77,-0.05,0.64,0,-0,-0,-9.57,-0.64,-1.79,0,0,0,-9.61,-0.68,-1.78,3.70017337799072
,0,0,0.77,-0.05,0.64,-0,-0,-0,-9.58,-0.63,-1.85,0,0,0,-9.61,-0.68,-1.78,3.71935176849365
,0,0,0.77,-0.05,0.64,0,0,-0,-9.58,-0.66,-1.79,0,0,0,-9.61,-0.68,-1.78,3.73480939865112
,0,0,0.77,-0.05,0.64,0,0,-0,-9.58,-0.62,-1.77,0,0,0,-9.61,-0.68,-1.78,3.75136923789978
,0,0,0.77,-0.05,0.64,-0.01,0,-0,-9.56,-0.66,-1.8,0,0,0,-9.61,-0.68,-1.78,3.77050638198853
,0,0,0.77,-0.05,0.64,-0,-0,-0,-9.55,-0.66,-1.8,0,0,0,-9.61,-0.68,-1.78,3.78699946403503
,0,0,0.77,-0.05,0.64,0,0,-0,-9.57,-0.59,-1.76,0,0,0,-9.61,-0.68,-1.78,3.80409359931946
,0,0,0.77,-0.05,0.64,-0,-0,-0,-9.57,-0.64,-1.84,0,0,0,-9.61,-0.68,-1.78,3.82153511047363
,0,0,0.77,-0.05,0.64,-0.01,0,-0,-9.59,-0.66,-1.79,0,0,0,-9.61,-0.68,-1.78,3.84037590026855
,0,0,0.77,-0.05,0.64,-0,0.01,-0,-9.57,-0.65,-1.8,0,0,0,-9.61,-0.68,-1.78,3.85872006416321
,0,0,0.77,-0.05,0.64,0.01,-0,-0,-9.58,-0.64,-1.8,0,0,0,-9.61,-0.68,-1.78,3.87655138969421
,0,0,0.77,-0.05,0.64,0,0,-0,-9.58,-0.65,-1.81,0,0,0,-9.61,-0.68,-1.78,3.89414596557617
,0,0,0.77,-0.05,0.64,-0,0.01,-0,-9.56,-0.61,-1.83,0,0,0,-9.61,-0.68,-1.78,3.91177487373352
,0,0,0.77,-0.05,0.64,0,0.01,-0,-9.56,-0.61,-1.78,0,0,0,-9.61,-0.68,-1.78,3.93064332008362
,0,0,0.77,-0.05,0.64,-0,0,-0,-9.58,-0.62,-1.8,0,0,0,-9.61,-0.68,-1.78,3.94766807556152
,0,0,0.77,-0.05,0.64,0,0.01,-0,-9.59,-0.64,-1.83,0,0,0,-9.61,-0.68,-1.78,3.96510910987854
,0,0,0.77,-0.05,0.64,0,0.01,-0.01,-9.58,-0.64,-1.76,0,0,0,-9.61,-0.68,-1.78,3.98207688331604
,0,0,0.77,-0.05,0.64,0,0.01,-0,-9.57,-0.61,-1.79,0,0,0,-9.61,-0.68,-1.78,3.99932456016541
,0,0,0.77,-0.05,0.64,-0.01,0.01,-0,-9.59,-0.69,-1.84,0,0,0,-9.61,-0.68,-1.78,4.016188621521
,0,0,0.77,-0.05,0.64,-0.01,0.01,-0.01,-9.58,-0.68,-1.83,0,0,0,-9.61,-0.68,-1.78,4.03262782096863
,0,0,0.77,-0.05,0.64,-0,0,-0,-9.57,-0.63,-1.81,0,0,0,-9.61,-0.68,-1.78,4.04910802841187
,0,0,0.77,-0.05,0.64,-0.01,0,0,-9.56,-0.64,-1.82,0,0,0,-9.61,-0.68,-1.78,4.06648945808411
,0,0,0.77,-0.05,0.64,-0.01,0,0,-9.56,-0.69,-1.82,0,0,0,-9.61,-0.68,-1.78,4.08293533325195
,0,0,0.77,-0.05,0.64,-0,0.01,-0,-9.58,-0.67,-1.81,0,0,0,-9.61,-0.68,-1.78,4.09981036186218
,0,0,0.77,-0.05,0.64,0,0,0.01,-9.57,-0.63,-1.84,0,0,0,-9.61,-0.68,-1.78,4.11675381660461
,0,0,0.77,-0.05,0.64,0,-0,0,-9.6,-0.67,-1.82,0,0,0,-9.61,-0.68,-1.78,4.13307476043701
,0,0,0.77,-0.05,0.64,-0,-0.01,0,-9.56,-0.63,-1.79,0,0,0,-9.61,-0.68,-1.78,4.14993596076965
,0,0,0.77,-0.05,0.64,0,-0,0,-9.58,-0.62,-1.81,0,0,0,-9.61,-0.68,-1.78,4.1675124168396
,0,0,0.77,-0.05,0.64,-0.01,-0.01,0,-9.58,-0.66,-1.83,0,0,0,-9.61,-0.68,-1.78,4.18343687057495
,0,0,0.77,-0.05,0.64,0,-0.01,0,-9.56,-0.66,-1.81,0,0,0,-9.61,-0.68,-1.78,4.19992280006409
,0,0,0.77,-0.05,0.64,0,-0,0,-9.55,-0.65,-1.8,0,0,0,-9.61,-0.68,-1.78,4.21773624420166
,0,0,0.77,-0.05,0.64,0,-0.01,0,-9.57,-0.64,-1.83,0,0,0,-9.61,-0.68,-1.78,4.2334566116333
,0,0,0.77,-0.05,0.64,0,-0,0,-9.57,-0.64,-1.8,0,0,0,-9.61,-0.68,-1.78,4.24981117248535
,0,0,0.77,-0.05,0.64,-0,-0.01,0,-9.58,-0.65,-1.83,0,0,0,-9.61,-0.68,-1.78,4.26780819892883
,0,0,0.77,-0.05,0.64,0,-0.01,0,-9.56,-0.63,-1.82,0,0,0,-9.61,-0.68,-1.78,4.28404235839844
,0,0,0.77,-0.05,0.64,0,-0.01,0.01,-9.58,-0.64,-1.8,0,0,0,-9.61,-0.68,-1.78,4.3001823425293
,0,0,0.77,-0.05,0.64,0.01,-0.01,0,-9.56,-0.64,-1.82,0,0,0,-9.61,-0.68,-1.78,4.31819248199463
,0,0,0.77,-0.05,0.64,0.01,-0.01,0,-9.6,-0.6,-1.78,0,0,0,-9.61,-0.68,-1.78,4.33376574516296
,0,0,0.77,-0.05,0.64,0,-0.01,0,-9.57,-0.62,-1.79,0,0,0,-9.61,-0.68,-1.78,4.35013937950134
,0,0,0.77,-0.05,0.64,-0,-0.01,0,-9.57,-0.64,-1.82,0,0,0,-9.61,-0.68,-1.78,4.3677704334259
,0,0,0.77,-0.05,0.64,0,-0,0,-9.54,-0.64,-1.78,0,0,0,-9.61,-0.68,-1.78,4.38369226455688
,0,0,0.77,-0.05,0.64,0.01,-0,-0,-9.58,-0.62,-1.81,0,0,0,-9.61,-0.68,-1.78,4.40015029907227
,0,0,0.77,-0.05,0.64,0.01,-0,-0,-9.59,-0.63,-1.81,0,0,0,-9.61,-0.68,-1.78,4.41773009300232
,0,0,0.77,-0.05,0.64,0,-0,-0,-9.56,-0.65,-1.81,0,0,0,-9.61,-0.68,-1.78,4.43391489982605
,0,0,0.77,-0.05,0.64,-0,-0,-0,-9.57,-0.67,-1.83,0,0,0,-9.61,-0.68,-1.78,4.45025229454041
,0,0,0.77,-0.05,0.64,0,-0,0,-9.58,-0.62,-1.83,0,0,0,-9.61,-0.68,-1.78,4.46822190284729
,0,0,0.77,-0.05,0.64,-0,-0,-0,-9.57,-0.62,-1.77,0,0,0,-9.61,-0.68,-1.78,4.4840190410614
,0,0,0.77,-0.05,0.64,-0,0,-0,-9.58,-0.64,-1.81,0,0,0,-9.61,-0.68,-1.78,4.50018715858459
,0,0,0.77,-0.05,0.64,-0.01,-0,-0,-9.56,-0.64,-1.86,0,0,0,-9.61,-0.68,-1.78,4.51854825019836
,0,0,0.77,-0.05,0.64,-0.01,-0.01,-0,-9.57,-0.67,-1.8,0,0,0,-9.61,-0.68,-1.78,4.53461003303528
,0,0,0.77,-0.05,0.64,-0,-0.01,-0,-9.57,-0.64,-1.8,0,0,0,-9.61,-0.68,-1.78,4.55063843727112
,0,0,0.77,-0.05,0.64,0,-0.01,0,-9.57,-0.63,-1.8,0,0,0,-9.61,-0.68,-1.78,4.56863713264465
,0,0,0.77,-0.05,0.64,0,-0.01,-0,-9.59,-0.63,-1.79,0,0,0,-9.61,-0.68,-1.78,4.58453035354614
,0,0,0.77,-0.05,0.64,0,-0,-0,-9.58,-0.64,-1.82,0,0,0,-9.61,-0.68,-1.78,4.60072183609009
,0,0,0.77,-0.05,0.64,0,0,0,-9.57,-0.65,-1.85,0,0,0,-9.61,-0.68,-1.78,4.61835074424744
,0,0,0.77,-0.05,0.64,0,-0,0,-9.56,-0.65,-1.85,0,0,0,-9.61,-0.68,-1.78,4.63433051109314
,0,0,0.77,-0.05,0.64,0,-0,-0,-9.56,-0.66,-1.79,0,0,0,-9.61,-0.68,-1.78,4.65084147453308
,0,0,0.77,-0.05,0.64,0.01,-0,0,-9.56,-0.66,-1.78,0,0,0,-9.61,-0.68,-1.78,4.66842913627625
,0,0,0.77,-0.05,0.64,0.01,-0,0,-9.57,-0.65,-1.81,0,0,0,-9.61,-0.68,-1.78,4.68464970588684
,0,0,0.77,-0.05,0.64,0.01,-0.01,0,-9.58,-0.67,-1.82,0,0,0,-9.61,-0.68,-1.78,4.70114135742188
,0,0,0.77,-0.05,0.64,-0,-0,0,-9.54,-0.67,-1.84,0,0,0,-9.61,-0.68,-1.78,4.71893072128296
,0,0,0.77,-0.05,0.64,-0,-0,0,-9.59,-0.67,-1.81,0,0,0,-9.61,-0.68,-1.78,4.7348747253418
,0,0,0.77,-0.05,0.64,0,-0.01,0.01,-9.6,-0.65,-1.77,0,0,0,-9.61,-0.68,-1.78,4.75108742713928
,0,0,0.77,-0.05,0.64,0.01,-0,0.01,-9.56,-0.65,-1.77,0,0,0,-9.61,-0.68,-1.78,4.7688627243042
,0,0,0.77,-0.05,0.64,0.01,0,0,-9.56,-0.64,-1.76,0,0,0,-9.61,-0.68,-1.78,4.78508806228638
,0,0,0.77,-0.05,0.64,0,-0,0,-9.56,-0.63,-1.78,0,0,0,-9.61,-0.68,-1.78,4.80093884468079
,0,0,0.77,-0.05,0.64,0,0.01,0,-9.57,-0.67,-1.79,0,0,0,-9.61,-0.68,-1.78,4.81870174407959
,0,0,0.77,-0.05,0.64,0.01,0,0,-9.55,-0.62,-1.82,0,0,0,-9.61,-0.68,-1.78,4.83519840240479
,0,0,0.77,-0.05,0.64,0.01,0,0,-9.57,-0.63,-1.8,0,0,0,-9.61,-0.68,-1.78,4.85146760940552
,0,0,0.77,-0.05,0.64,-0,0.01,0,-9.57,-0.66,-1.86,0,0,0,-9.61,-0.68,-1.78,4.86965751647949
,0,0,0.77,-0.05,0.64,0,0.01,0,-9.57,-0.68,-1.79,0,0,0,-9.61,-0.68,-1.78,4.88555431365967
,0,0,0.77,-0.05,0.64,0.01,0,0,-9.59,-0.64,-1.81,0,0,0,-9.61,-0.68,-1.78,4.90075206756592
,0,0,0.77,-0.05,0.64,0.01,0,0.01,-9.56,-0.66,-1.83,0,0,0,-9.61,-0.68,-1.78,4.91916942596436
,0,0,0.77,-0.05,0.64,0.01,0,0,-9.57,-0.63,-1.78,0,0,0,-9.61,-0.68,-1.78,4.93547677993774
,0,0,0.77,-0.05,0.64,0,0,0,-9.58,-0.68,-1.82,0,0,0,-9.61,-0.68,-1.78,4.95142507553101
,0,0,0.77,-0.05,0.64,0,0,0,-9.58,-0.67,-1.82,0,0,0,-9.61,-0.68,-1.78,4.96938252449036
,0,0,0.77,-0.05,0.64,0.01,0,0,-9.59,-0.66,-1.79,0,0,0,-9.61,-0.68,-1.78,4.98553442955017
,0,0,0.77,-0.05,0.64,0.01,0.01,0.01,-9.59,-0.64,-1.8,0,0,0,-9.61,-0.68,-1.78,5.00067806243896
,0,0,0.77,-0.05,0.64,0.01,0,0.01,-9.57,-0.65,-1.81,0,0,0,-9.61,-0.68,-1.78,5.01952910423279
,0,0,0.77,-0.05,0.64,0.01,-0,0.01,-9.55,-0.67,-1.83,0,0,0,-9.61,-0.68,-1.78,5.03585124015808
,0,0,0.77,-0.05,0.64,0.01,0,0,-9.56,-0.66,-1.81,0,0,0,-9.61,-0.68,-1.78,5.05340170860291
,0,0,0.77,-0.05,0.64,0,0,0.01,-9.59,-0.62,-1.8,0,0,0,-9.61,-0.68,-1.78,5.06969094276428
,0,0,0.77,-0.05,0.64,0,0,0.01,-9.57,-0.62,-1.75,0,0,0,-9.61,-0.68,-1.78,5.08592295646667
,0,0,0.77,-0.05,0.64,-0,0,0.01,-9.58,-0.61,-1.77,0,0,0,-9.61,-0.68,-1.78,5.10124254226685
,0,0,0.77,-0.05,0.64,0,0.01,0,-9.59,-0.61,-1.83,0,0,0,-9.61,-0.68,-1.78,5.11996579170227
,0,0,0.77,-0.05,0.64,-0.01,0.01,0,-9.56,-0.67,-1.87,0,0,0,-9.61,-0.68,-1.78,5.13680386543274
,0,0,0.77,-0.05,0.64,-0.01,0.01,0,-9.6,-0.66,-1.88,0,0,0,-9.61,-0.68,-1.78,5.15205860137939
,0,0,0.77,-0.05,0.64,0.01,0,0,-9.59,-0.66,-1.85,0,0,0,-9.61,-0.68,-1.78,5.17011833190918
,0,0,0.77,-0.05,0.64,0,-0,0.01,-9.55,-0.68,-1.85,0,0,0,-9.61,-0.68,-1.78,5.18683671951294
,0,0,0.77,-0.05,0.64,0.01,-0,0,-9.56,-0.61,-1.84,0,0,0,-9.61,-0.68,-1.78,5.20223164558411
,0,0,0.77,-0.05,0.64,0,-0,0,-9.57,-0.63,-1.85,0,0,0,-9.61,-0.68,-1.78,5.22042083740234
,0,0,0.77,-0.05,0.64,0,-0.01,0.01,-9.58,-0.61,-1.79,0,0,0,-9.61,-0.68,-1.78,5.23754262924194
,0,0,0.77,-0.05,0.64,0.01,-0,0,-9.59,-0.62,-1.79,0,0,0,-9.61,-0.68,-1.78,5.25283551216125
,0,0,0.77,-0.05,0.64,0,0,0,-9.6,-0.62,-1.82,0,0,0,-9.61,-0.68,-1.78,5.27067852020264
,0,0,0.77,-0.05,0.64,0,0,0,-9.55,-0.62,-1.82,0,0,0,-9.61,-0.68,-1.78,5.28693318367004
,0,0,0.77,-0.05,0.64,0,0,0,-9.57,-0.65,-1.82,0,0,0,-9.61,-0.68,-1.78,5.30305886268616
,0,0,0.77,-0.05,0.64,0,0,0,-9.57,-0.65,-1.82,0,0,0,-9.61,-0.68,-1.78,5.32045269012451
,0,0,0.77,-0.05,0.64,0,0.01,-0,-9.57,-0.63,-1.8,0,0,0,-9.61,-0.68,-1.78,5.33767604827881
,0,0,0.77,-0.05,0.64,-0.01,0.01,-0,-9.57,-0.68,-1.84,0,0,0,-9.61,-0.68,-1.78,5.35334968566895
,0,0,0.77,-0.05,0.64,-0.01,0.01,-0,-9.59,-0.68,-1.87,0,0,0,-9.61,-0.68,-1.78,5.37192559242249
,0,0,0.77,-0.05,0.64,-0.01,0,0,-9.57,-0.63,-1.84,0,0,0,-9.61,-0.68,-1.78,5.38834142684937
,0,0,0.77,-0.05,0.64,-0.01,0,0,-9.57,-0.68,-1.82,0,0,0,-9.61,-0.68,-1.78,5.40557074546814
,0,0,0.77,-0.05,0.64,-0.01,0,0,-9.55,-0.65,-1.82,0,0,0,-9.61,-0.68,-1.78,5.42172169685364
,0,0,0.77,-0.05,0.64,0,-0,0,-9.56,-0.62,-1.8,0,0,0,-9.61,-0.68,-1.78,5.43838810920715
,0,0,0.77,-0.05,0.64,0,0,0,-9.57,-0.65,-1.82,0,0,0,-9.61,-0.68,-1.78,5.45745992660522
,0,0,0.77,-0.05,0.64,-0,0,0,-9.59,-0.66,-1.8,0,0,0,-9.61,-0.68,-1.78,5.4763810634613
,0,0,0.77,-0.05,0.64,-0.01,-0,0,-9.56,-0.61,-1.83,0,0,0,-9.61,-0.68,-1.78,5.49469757080078
,0,0,0.77,-0.05,0.64,-0.01,0,0,-9.59,-0.67,-1.85,0,0,0,-9.61,-0.68,-1.78,5.51169443130493
,0,0,0.77,-0.05,0.64,-0.01,0.01,-0,-9.57,-0.67,-1.83,0,0,0,-9.61,-0.68,-1.78,5.53030896186829
,0,0,0.77,-0.05,0.64,-0,-0,0,-9.56,-0.67,-1.81,0,0,0,-9.61,-0.68,-1.78,5.54966855049133
,0,0,0.77,-0.05,0.64,0,0,0,-9.58,-0.64,-1.84,0,0,0,-9.61,-0.68,-1.78,5.5696656703949
,0,0,0.77,-0.05,0.64,0.01,0,0,-9.56,-0.69,-1.82,0,0,0,-9.61,-0.68,-1.78,5.58802270889282
,0,0,0.77,-0.05,0.64,0,-0,0,-9.58,-0.65,-1.8,0,0,0,-9.61,-0.68,-1.78,5.60249042510986
,0,0,0.77,-0.05,0.64,0.01,-0,0,-9.56,-0.64,-1.86,0,0,0,-9.61,-0.68,-1.78,5.62045621871948
,0,0,0.77,-0.05,0.64,0.01,-0,0,-9.59,-0.67,-1.81,0,0,0,-9.61,-0.68,-1.78,5.63839197158813
,0,0,0.77,-0.05,0.64,0.01,-0,0,-9.57,-0.65,-1.82,0,0,0,-9.61,-0.68,-1.78,5.65457081794739
,0,0,0.77,-0.05,0.64,0.01,-0.01,0,-9.58,-0.66,-1.84,0,0,0,-9.61,-0.68,-1.78,5.67147898674011
,0,0,0.77,-0.05,0.64,0.01,-0,0,-9.56,-0.66,-1.82,0,0,0,-9.61,-0.68,-1.78,5.68853640556335
,0,0,0.77,-0.05,0.64,0,0,0,-9.56,-0.62,-1.81,0,0,0,-9.61,-0.68,-1.78,5.70560312271118
,0,0,0.77,-0.05,0.64,0,0,0,-9.59,-0.64,-1.78,0,0,0,-9.61,-0.68,-1.78,5.72238278388977
,0,0,0.77,-0.05,0.64,0,0.01,0,-9.59,-0.62,-1.8,0,0,0,-9.61,-0.68,-1.78,5.73999691009521
,0,0,0.77,-0.05,0.64,0,0,0,-9.54,-0.63,-1.76,0,0,0,-9.61,-0.68,-1.78,5.75741767883301
,0,0,0.77,-0.05,0.64,-0.01,0,0,-9.59,-0.65,-1.8,0,0,0,-9.61,-0.68,-1.78,5.77804493904114
,0,0,0.77,-0.05,0.64,-0.01,0,0,-9.58,-0.67,-1.85,0,0,0,-9.61,-0.68,-1.78,5.7969434261322
,0,0,0.77,-0.05,0.64,-0.01,0,0,-9.56,-0.66,-1.86,0,0,0,-9.61,-0.68,-1.78,5.81276822090149
,0,0,0.77,-0.05,0.64,-0,-0,0,-9.58,-0.65,-1.83,0,0,0,-9.61,-0.68,-1.78,5.83103656768799
,0,0,0.77,-0.05,0.64,-0.01,-0,0.01,-9.55,-0.66,-1.77,0,0,0,-9.61,-0.68,-1.78,5.85059118270874
,0,0,0.77,-0.05,0.64,-0.01,0,0,-9.55,-0.65,-1.83,0,0,0,-9.61,-0.68,-1.78,5.8701012134552
,0,0,0.77,-0.05,0.64,-0.01,-0,0,-9.59,-0.63,-1.84,0,0,0,-9.61,-0.68,-1.78,5.88849425315857
,0,0,0.77,-0.05,0.64,-0.01,-0,0,-9.59,-0.64,-1.84,0,0,0,-9.61,-0.68,-1.78,5.90362596511841
,0,0,0.77,-0.05,0.64,0,-0,0,-9.58,-0.63,-1.85,0,0,0,-9.61,-0.68,-1.78,5.92163920402527
,0,0,0.77,-0.05,0.64,0,-0,0,-9.57,-0.64,-1.78,0,0,0,-9.61,-0.68,-1.78,5.93904685974121
,0,0,0.77,-0.05,0.64,0,-0,0,-9.58,-0.67,-1.8,0,0,0,-9.61,-0.68,-1.78,5.95563912391663
,0,0,0.77,-0.05,0.64,0,0,0,-9.61,-0.61,-1.85,0,0,0,-9.61,-0.68,-1.78,5.97209882736206
,0,0,0.77,-0.05,0.64,0,-0.01,0,-9.58,-0.62,-1.83,0,0,0,-9.61,-0.68,-1.78,5.98996043205261
,0,0,0.77,-0.05,0.64,-0,-0,0,-9.57,-0.68,-1.81,0,0,0,-9.61,-0.68,-1.78,6.00820517539978
,0,0,0.77,-0.05,0.64,0.01,-0,0,-9.56,-0.65,-1.82,0,0,0,-9.61,-0.68,-1.78,6.02680253982544
,0,0,0.77,-0.05,0.64,0,0,0,-9.61,-0.66,-1.81,0,0,0,-9.61,-0.68,-1.78,6.04339408874512
,0,0,0.77,-0.05,0.64,0,0,0,-9.59,-0.66,-1.8,0,0,0,-9.61,-0.68,-1.78,6.06075167655945
,0,0,0.77,-0.05,0.64,0,0,0,-9.58,-0.65,-1.81,0,0,0,-9.61,-0.68,-1.78,6.0806667804718
,0,0,0.77,-0.05,0.64,0,0.01,0,-9.57,-0.65,-1.81,0,0,0,-9.61,-0.68,-1.78,6.10081744194031
,0,0,0.77,-0.05,0.64,-0,0,0,-9.55,-0.66,-1.87,0,0,0,-9.61,-0.68,-1.78,6.12068653106689
,0,0,0.77,-0.05,0.64,-0.01,0,0,-9.59,-0.66,-1.81,0,0,0,-9.61,-0.68,-1.78,6.13890695571899
,0,0,0.77,-0.05,0.64,-0,0,0,-9.6,-0.62,-1.81,0,0,0,-9.61,-0.68,-1.78,6.15449500083923
,0,0,0.77,-0.05,0.64,-0,0,0,-9.55,-0.64,-1.84,0,0,0,-9.61,-0.68,-1.78,6.1714813709259
,0,0,0.77,-0.05,0.64,0,0,0,-9.58,-0.65,-1.84,0,0,0,-9.61,-0.68,-1.78,6.18976259231567
,0,0,0.77,-0.05,0.64,0.01,0,0,-9.58,-0.64,-1.8,0,0,0,-9.61,-0.68,-1.78,6.20601320266724
,0,0,0.77,-0.05,0.64,0.01,-0,0,-9.57,-0.66,-1.81,0,0,0,-9.61,-0.68,-1.78,6.222412109375
,0,0,0.77,-0.05,0.64,0,0,0,-9.57,-0.66,-1.84,0,0,0,-9.61,-0.68,-1.78,6.24041867256165
,0,0,0.77,-0.05,0.64,0.01,-0,0.01,-9.56,-0.63,-1.84,0,0,0,-9.61,-0.68,-1.78,6.25784277915955
,0,0,0.77,-0.05,0.64,-0,-0,0.01,-9.56,-0.61,-1.78,0,0,0,-9.61,-0.68,-1.78,6.27560758590698
,0,0,0.77,-0.05,0.64,0,0,0,-9.57,-0.62,-1.78,0,0,0,-9.61,-0.68,-1.78,6.29164958000183
,0,0,0.77,-0.05,0.64,0,-0,0,-9.56,-0.64,-1.8,0,0,0,-9.61,-0.68,-1.78,6.31059074401855
,0,0,0.77,-0.05,0.64,0.01,-0,0,-9.6,-0.64,-1.84,0,0,0,-9.61,-0.68,-1.78,6.33137798309326
,0,0,0.77,-0.05,0.64,0,-0,0,-9.57,-0.64,-1.85,0,0,0,-9.61,-0.68,-1.78,6.35098123550415
,0,0,0.77,-0.05,0.64,0.01,-0,0,-9.58,-0.63,-1.82,0,0,0,-9.61,-0.68,-1.78,6.3709762096405
,0,0,0.77,-0.05,0.64,0,0,0,-9.58,-0.65,-1.82,0,0,0,-9.61,-0.68,-1.78,6.38939929008484
,0,0,0.77,-0.05,0.64,0.01,-0,0,-9.59,-0.65,-1.78,0,0,0,-9.61,-0.68,-1.78,6.40587544441223
,0,0,0.77,-0.05,0.64,0.01,0,0,-9.56,-0.63,-1.79,0,0,0,-9.61,-0.68,-1.78,6.42208528518677
,0,0,0.77,-0.05,0.64,0.01,0,0,-9.56,-0.57,-1.78,0,0,0,-9.61,-0.68,-1.78,6.44046139717102
,0,0,0.77,-0.05,0.64,0,0,-0,-9.55,-0.67,-1.8,0,0,0,-9.61,-0.68,-1.78,6.45802664756775
,0,0,0.77,-0.05,0.64,-0,-0,0,-9.57,-0.66,-1.84,0,0,0,-9.61,-0.68,-1.78,6.47378826141357
,0,0,0.77,-0.05,0.64,0,-0,-0,-9.6,-0.69,-1.8,0,0,0,-9.61,-0.68,-1.78,6.49145722389221
,0,0,0.77,-0.05,0.64,0.01,0,-0,-9.54,-0.68,-1.81,0,0,0,-9.61,-0.68,-1.78,6.50968718528748
,0,0,0.77,-0.05,0.64,0,0,0,-9.57,-0.63,-1.79,0,0,0,-9.61,-0.68,-1.78,6.53066420555115
,0,0,0.77,-0.05,0.64,-0,0,0,-9.59,-0.62,-1.82,0,0,0,-9.61,-0.68,-1.78,6.55093622207642
,0,0,0.77,-0.05,0.64,-0.01,0,-0,-9.57,-0.62,-1.83,0,0,0,-9.61,-0.68,-1.78,6.57088017463684
,0,0,0.77,-0.05,0.64,-0.01,0,-0,-9.59,-0.67,-1.86,0,0,0,-9.61,-0.68,-1.78,6.58966875076294
,0,0,0.77,-0.05,0.64,0.01,-0,0,-9.56,-0.65,-1.83,0,0,0,-9.61,-0.68,-1.78,6.60540556907654
,0,0,0.77,-0.05,0.64,0.01,-0,0,-9.59,-0.65,-1.81,0,0,0,-9.61,-0.68,-1.78,6.6217942237854
,0,0,0.77,-0.05,0.64,0.01,-0,0,-9.59,-0.63,-1.78,0,0,0,-9.61,-0.68,-1.78,6.64040040969849
,0,0,0.77,-0.05,0.64,0,0,0,-9.58,-0.61,-1.79,0,0,0,-9.61,-0.68,-1.78,6.65682411193848
,0,0,0.77,-0.05,0.64,0.01,0,-0,-9.55,-0.64,-1.8,0,0,0,-9.61,-0.68,-1.78,6.67266798019409
,0,0,0.77,-0.05,0.64,-0,0,-0,-9.57,-0.64,-1.78,0,0,0,-9.61,-0.68,-1.78,6.69111633300781
,0,0,0.77,-0.05,0.64,0,0,0,-9.57,-0.64,-1.81,0,0,0,-9.61,-0.68,-1.78,6.70899105072021
,0,0,0.77,-0.05,0.64,-0,0,-0,-9.57,-0.64,-1.8,0,0,0,-9.61,-0.68,-1.78,6.72545480728149
,0,0,0.77,-0.05,0.64,0,0,-0,-9.57,-0.66,-1.84,0,0,0,-9.61,-0.68,-1.78,6.74275255203247
,0,0,0.77,-0.05,0.64,-0,0,-0,-9.58,-0.66,-1.8,0,0,0,-9.61,-0.68,-1.78,6.76101875305176
,0,0,0.77,-0.05,0.64,0,0,-0,-9.56,-0.67,-1.83,0,0,0,-9.61,-0.68,-1.78,6.78124046325684
,0,0,0.77,-0.05,0.64,0,-0,0,-9.56,-0.67,-1.84,0,0,0,-9.61,-0.68,-1.78,6.80111742019653
,0,0,0.77,-0.05,0.64,-0.01,-0,0,-9.59,-0.68,-1.84,0,0,0,-9.61,-0.68,-1.78,6.82125329971313
,0,0,0.77,-0.05,0.64,0,-0,0.01,-9.56,-0.66,-1.82,0,0,0,-9.61,-0.68,-1.78,6.84022116661072
,0,0,0.77,-0.05,0.64,0,-0,0,-9.58,-0.65,-1.79,0,0,0,-9.61,-0.68,-1.78,6.85623574256897
,0,0,0.77,-0.05,0.64,0,-0,0,-9.57,-0.65,-1.78,0,0,0,-9.61,-0.68,-1.78,6.87279987335205
,0,0,0.77,-0.05,0.64,0,0,0,-9.58,-0.65,-1.81,0,0,0,-9.61,-0.68,-1.78,6.89139103889465
,0,0,0.77,-0.05,0.64,-0,0,0,-9.54,-0.61,-1.82,0,0,0,-9.61,-0.68,-1.78,6.90801048278809
,0,0,0.77,-0.05,0.64,-0.01,0,0,-9.57,-0.67,-1.83,0,0,0,-9.61,-0.68,-1.78,6.92347383499146
,0,0,0.77,-0.05,0.64,-0.01,0,0,-9.56,-0.67,-1.8,0,0,0,-9.61,-0.68,-1.78,6.94200921058655
,0,0,0.77,-0.05,0.64,-0,0,0,-9.56,-0.64,-1.87,0,0,0,-9.61,-0.68,-1.78,6.95999836921692
,0,0,0.77,-0.05,0.64,-0.01,-0,0,-9.58,-0.66,-1.85,0,0,0,-9.61,-0.68,-1.78,6.97759079933167
,0,0,0.77,-0.05,0.64,-0,-0,0,-9.58,-0.65,-1.8,0,0,0,-9.61,-0.68,-1.78,6.99341940879822
,0,0,0.77,-0.05,0.64,-0,0,0,-9.56,-0.67,-1.83,0,0,0,-9.61,-0.68,-1.78,7.01158928871155
,0,0,0.77,-0.05,0.64,-0,0,0,-9.59,-0.65,-1.82,0,0,0,-9.61,-0.68,-1.78,7.03126788139343
,0,0,0.77,-0.05,0.64,0,-0,0.01,-9.59,-0.67,-1.84,0,0,0,-9.61,-0.68,-1.78,7.05160999298096
,0,0,0.77,-0.05,0.64,0,-0,0.01,-9.57,-0.65,-1.82,0,0,0,-9.61,-0.68,-1.78,7.07145977020264
,0,0,0.77,-0.05,0.64,-0.01,-0,0.01,-9.58,-0.65,-1.8,0,0,0,-9.61,-0.68,-1.78,7.08945608139038
,0,0,0.77,-0.05,0.64,-0,0,0,-9.57,-0.63,-1.83,0,0,0,-9.61,-0.68,-1.78,7.10403966903687
,0,0,0.77,-0.05,0.64,0,-0,0,-9.57,-0.6,-1.83,0,0,0,-9.61,-0.68,-1.78,7.12259364128113
,0,0,0.77,-0.05,0.64,-0,-0,0,-9.56,-0.63,-1.79,0,0,0,-9.61,-0.68,-1.78,7.14136004447937
,0,0,0.77,-0.05,0.64,-0,0.01,0,-9.57,-0.66,-1.79,0,0,0,-9.61,-0.68,-1.78,7.15798926353455
,0,0,0.77,-0.05,0.64,-0,0,-0,-9.57,-0.64,-1.84,0,0,0,-9.61,-0.68,-1.78,7.1737105846405
,0,0,0.77,-0.05,0.64,-0.01,0,0,-9.57,-0.65,-1.81,0,0,0,-9.61,-0.68,-1.78,7.19274115562439
,0,0,0.77,-0.05,0.64,-0,0,-0,-9.57,-0.67,-1.85,0,0,0,-9.61,-0.68,-1.78,7.20988392829895
,0,0,0.77,-0.05,0.64,-0,0,-0,-9.57,-0.64,-1.83,0,0,0,-9.61,-0.68,-1.78,7.2265408039093
,0,0,0.77,-0.05,0.64,0,0,0,-9.56,-0.66,-1.79,0,0,0,-9.61,-0.68,-1.78,7.24362850189209
,0,0,0.77,-0.05,0.64,0,-0,-0,-9.56,-0.65,-1.79,0,0,0,-9.61,-0.68,-1.78,7.26181674003601
,0,0,0.77,-0.05,0.64,-0,-0,0,-9.56,-0.67,-1.84,0,0,0,-9.61,-0.68,-1.78,7.2812807559967
,0,0,0.77,-0.05,0.64,0,-0,0,-9.55,-0.66,-1.85,0,0,0,-9.61,-0.68,-1.78,7.30002737045288
,0,0,0.77,-0.05,0.64,0,-0,0,-9.55,-0.59,-1.81,0,0,0,-9.61,-0.68,-1.78,7.31616735458374
,0,0,0.77,-0.05,0.64,0.01,-0,-0,-9.59,-0.61,-1.77,0,0,0,-9.61,-0.68,-1.78,7.33383965492249
,0,0,0.77,-0.05,0.64,0,0,-0,-9.58,-0.6,-1.79,0,0,0,-9.61,-0.68,-1.78,7.3530216217041
,0,0,0.77,-0.05,0.64,0,0,-0,-9.56,-0.61,-1.82,0,0,0,-9.61,-0.68,-1.78,7.37184977531433
,0,0,0.77,-0.05,0.64,0,0.01,-0,-9.55,-0.67,-1.84,0,0,0,-9.61,-0.68,-1.78,7.39007091522217
,0,0,0.77,-0.05,0.64,0,0,-0,-9.58,-0.67,-1.81,0,0,0,-9.61,-0.68,-1.78,7.40618062019348
,0,0,0.77,-0.05,0.64,0,0.01,-0,-9.58,-0.61,-1.82,0,0,0,-9.61,-0.68,-1.78,7.42323040962219
,0,0,0.77,-0.05,0.64,-0,0,-0,-9.57,-0.6,-1.8,0,0,0,-9.61,-0.68,-1.78,7.44257664680481
,0,0,0.77,-0.05,0.64,0,0,-0,-9.57,-0.64,-1.76,0,0,0,-9.61,-0.68,-1.78,7.45981431007385
,0,0,0.77,-0.05,0.64,0.01,0.01,-0,-9.56,-0.62,-1.82,0,0,0,-9.61,-0.68,-1.78,7.47576117515564
,0,0,0.77,-0.05,0.64,0,0.01,-0,-9.56,-0.61,-1.81,0,0,0,-9.61,-0.68,-1.78,7.49310541152954
,0,0,0.77,-0.05,0.64,-0.01,0.01,-0.01,-9.59,-0.65,-1.84,0,0,0,-9.61,-0.68,-1.78,7.51093053817749
,0,0,0.77,-0.05,0.64,-0.01,0.01,-0,-9.55,-0.68,-1.84,0,0,0,-9.61,-0.68,-1.78,7.5294668674469
,0,0,0.77,-0.05,0.64,0,0.01,-0,-9.56,-0.68,-1.86,0,0,0,-9.61,-0.68,-1.78,7.54521346092224
,0,0,0.77,-0.05,0.64,0.01,0.01,-0.01,-9.6,-0.63,-1.83,0,0,0,-9.61,-0.68,-1.78,7.56254816055298
,0,0,0.77,-0.05,0.64,-0.01,0,-0.01,-9.6,-0.67,-1.85,0,0,0,-9.61,-0.68,-1.78,7.58188819885254
,0,0,0.77,-0.05,0.64,-0.01,0,-0,-9.57,-0.65,-1.86,0,0,0,-9.61,-0.68,-1.78,7.60039091110229
,0,0,0.77,-0.05,0.64,-0.01,-0,-0,-9.56,-0.67,-1.84,0,0,0,-9.61,-0.68,-1.78,7.61656308174133
,0,0,0.77,-0.05,0.64,-0,-0,-0,-9.58,-0.68,-1.8,0,0,0,-9.61,-0.68,-1.78,7.63412857055664
,0,0,0.77,-0.05,0.64,0.01,-0.01,-0,-9.56,-0.63,-1.8,0,0,0,-9.61,-0.68,-1.78,7.65351700782776
,0,0,0.77,-0.05,0.64,0.01,-0.01,0,-9.56,-0.67,-1.83,0,0,0,-9.61,-0.68,-1.78,7.67227721214294
,0,0,0.77,-0.05,0.64,0.01,-0,0,-9.59,-0.65,-1.8,0,0,0,-9.61,-0.68,-1.78,7.68976449966431
,0,0,0.77,-0.05,0.64,0.01,0,0,-9.56,-0.66,-1.84,0,0,0,-9.61,-0.68,-1.78,7.70653367042542
,0,0,0.77,-0.05,0.64,0,-0.01,0,-9.6,-0.64,-1.86,0,0,0,-9.61,-0.68,-1.78,7.72392892837524
,0,0,0.77,-0.05,0.64,0,-0.01,0,-9.6,-0.66,-1.86,0,0,0,-9.61,-0.68,-1.78,7.742830991745
,0,0,0.77,-0.05,0.64,0,-0.01,0,-9.55,-0.68,-1.82,0,0,0,-9.61,-0.68,-1.78,7.7600884437561
,0,0,0.77,-0.05,0.64,0,-0,0,-9.57,-0.67,-1.83,0,0,0,-9.61,-0.68,-1.78,7.77653026580811
,0,0,0.77,-0.05,0.64,0,-0,0,-9.56,-0.65,-1.83,0,0,0,-9.61,-0.68,-1.78,7.79444098472595
,0,0,0.77,-0.05,0.64,0,-0,0,-9.57,-0.65,-1.81,0,0,0,-9.61,-0.68,-1.78,7.81117272377014
,0,0,0.77,-0.05,0.64,0,-0,0,-9.56,-0.64,-1.84,0,0,0,-9.61,-0.68,-1.78,7.8282413482666
,0,0,0.77,-0.05,0.64,0,-0,0,-9.58,-0.63,-1.81,0,0,0,-9.61,-0.68,-1.78,7.84461855888367
,0,0,0.77,-0.05,0.64,-0,-0,0,-9.57,-0.66,-1.81,0,0,0,-9.61,-0.68,-1.78,7.86172127723694
,0,0,0.77,-0.05,0.64,-0,-0,0,-9.57,-0.66,-1.8,0,0,0,-9.61,-0.68,-1.78,7.8801589012146
,0,0,0.77,-0.05,0.64,0,-0,0,-9.6,-0.63,-1.82,0,0,0,-9.61,-0.68,-1.78,7.89670324325562
,0,0,0.77,-0.05,0.64,0.01,-0,0,-9.56,-0.64,-1.84,0,0,0,-9.61,-0.68,-1.78,7.91322112083435
,0,0,0.77,-0.05,0.64,0.01,-0,0,-9.57,-0.66,-1.87,0,0,0,-9.61,-0.68,-1.78,7.93263816833496
,0,0,0.77,-0.05,0.64,0.01,-0,0,-9.57,-0.63,-1.83,0,0,0,-9.61,-0.68,-1.78,7.95156216621399
,0,0,0.77,-0.05,0.64,0,-0.01,0,-9.56,-0.66,-1.85,0,0,0,-9.61,-0.68,-1.78,7.96839165687561
,0,0,0.77,-0.05,0.64,0,-0,0,-9.57,-0.64,-1.77,0,0,0,-9.61,-0.68,-1.78,7.98437809944153
,0,0,0.77,-0.05,0.64,-0,-0,0,-9.59,-0.64,-1.81,0,0,0,-9.61,-0.68,-1.78,8.00311923027039
,0,0,0.77,-0.05,0.64,-0,-0.01,0,-9.6,-0.66,-1.83,0,0,0,-9.61,-0.68,-1.78,8.02167630195618
,0,0,0.77,-0.05,0.64,0.01,-0,0,-9.56,-0.66,-1.81,0,0,0,-9.61,-0.68,-1.78,8.03624272346497
,0,0,0.77,-0.05,0.64,0,-0,0,-9.55,-0.66,-1.83,0,0,0,-9.61,-0.68,-1.78,8.05445265769958
,0,0,0.77,-0.05,0.64,0.01,-0,0,-9.55,-0.64,-1.81,0,0,0,-9.61,-0.68,-1.78,8.0733904838562
,0,0,0.77,-0.05,0.64,0,0,0,-9.56,-0.67,-1.8,0,0,0,-9.61,-0.68,-1.78,8.09047985076904
,0,0,0.77,-0.05,0.64,-0.01,0,0,-9.57,-0.63,-1.82,0,0,0,-9.61,-0.68,-1.78,8.10795593261719
,0,0,0.77,-0.05,0.64,-0,0,0,-9.57,-0.66,-1.85,0,0,0,-9.61,-0.68,-1.78,8.12464547157288
,0,0,0.77,-0.05,0.64,-0,0,0,-9.56,-0.67,-1.85,0,0,0,-9.61,-0.68,-1.78,8.14338135719299
,0,0,0.77,-0.05,0.64,0,-0,0,-9.59,-0.65,-1.83,0,0,0,-9.61,-0.68,-1.78,8.16082549095154
,0,0,0.77,-0.05,0.64,-0,0,0,-9.55,-0.66,-1.87,0,0,0,-9.61,-0.68,-1.78,8.17865395545959
,0,0,0.77,-0.05,0.64,-0,-0,0,-9.58,-0.66,-1.87,0,0,0,-9.61,-0.68,-1.78,8.19599914550781
