Data_1,Data_2,Data_3,Data_4,Data_5,Data_6,Data_7,Data_8,Data_9,Data_10,Data_11,Data_12,Data_13,Data_14,Data_15,Data_16,TimeStampGlob
7,56,7,163,294,157,194,40,409,3,0,370,181,501,6,513,0.288012742996216
0,19,0,171,394,311,315,196,526,11,5,376,183,522,19,512,0.298521280288696
17,10,7,162,354,110,252,95,278,12,11,378,180,534,13,516,0.309474229812622
0,2,4,157,189,118,146,10,245,0,1,277,159,485,3,496,0.319972515106201
0,6,8,140,110,119,77,8,248,0,0,240,180,446,4,509,0.330447196960449
3,14,116,164,207,145,159,8,249,0,27,393,241,499,4,599,0.340957164764404
1,1,86,206,214,114,238,20,254,4,146,496,182,570,9,514,0.351398944854736
0,6,3,165,207,127,156,172,250,143,15,375,142,492,83,448,0.362481355667114
0,3,4,169,180,115,177,16,235,0,4,376,184,607,16,501,0.372749090194702
2,0,3,170,198,123,82,8,251,1,4,377,176,393,5,509,0.383174896240234
0,7,9,171,215,120,101,25,255,9,13,363,225,506,2,503,0.39395546913147
0,2,0,172,215,153,159,30,301,184,13,376,206,375,170,499,0.404714822769165
98,15,13,322,211,114,160,24,252,0,27,377,369,474,13,517,0.414845943450928
1,12,1,169,224,100,153,20,194,0,7,373,178,507,13,501,0.425690412521362
0,1,0,113,212,71,154,27,251,0,7,370,169,477,4,498,0.436144590377808
36,15,0,167,215,56,162,13,252,0,16,370,182,484,3,503,0.446778535842896
157,18,50,171,217,193,161,27,244,0,5,379,186,485,2,497,0.457328796386719
9,15,3,161,214,314,162,132,250,0,6,380,175,483,8,532,0.468193292617798
8,10,7,165,389,99,152,187,329,3,5,366,178,473,16,497,0.478341817855835
0,13,0,150,183,105,143,20,223,0,1,287,179,478,3,490,0.488876819610596
2,1,5,166,232,126,160,31,263,0,6,192,181,479,5,492,0.49958872795105
17,17,58,167,112,223,89,104,173,53,5,384,188,408,3,536,0.510317802429199
58,139,220,185,206,119,158,33,249,3,256,583,201,484,3,519,0.520931959152222
2,13,98,185,233,120,160,39,255,0,134,345,374,480,2,737,0.531620502471924
1,7,2,174,223,121,154,37,252,55,21,365,145,481,56,443,0.542062759399414
1,7,8,90,212,111,143,24,247,0,7,312,117,462,5,391,0.552986621856689
15,2,2,178,210,124,158,22,249,0,26,369,120,492,1,484,0.563707828521729
3,8,0,184,216,119,228,29,258,117,17,380,191,545,92,499,0.574018955230713
77,2,22,310,220,109,161,27,248,1,13,382,181,495,11,515,0.584543228149414
29,6,2,146,216,120,157,27,242,1,5,369,278,477,6,494,0.595242977142334
1,0,0,168,209,117,160,22,223,0,11,343,173,415,6,492,0.605698347091675
0,8,0,171,213,123,152,25,212,0,12,362,179,451,0,492,0.616220235824585
11,25,0,168,265,135,174,25,392,0,6,380,178,457,30,493,0.626832723617554
209,8,53,173,214,369,161,52,248,16,5,381,181,482,36,507,0.637279987335205
4,141,0,175,193,122,154,29,202,0,25,392,183,479,4,503,0.647903680801392
1,9,9,160,195,71,155,26,252,0,3,287,171,477,7,465,0.658544778823853
0,9,0,162,214,56,155,10,259,0,5,375,177,481,6,452,0.669046878814697
140,19,166,175,219,125,163,15,251,0,8,389,181,480,7,595,0.679991960525513
4,161,0,175,249,122,192,38,246,1,114,545,178,502,13,499,0.690893888473511
13,11,144,174,216,116,160,30,246,0,6,332,261,481,3,714,0.701409816741943
0,3,3,149,206,122,143,26,252,0,83,328,177,481,5,497,0.711357355117798
0,0,0,125,200,116,137,25,254,0,4,190,178,437,7,503,0.721874237060547
0,6,10,181,213,120,173,18,243,0,68,394,96,491,3,319,0.732494831085205
27,2,0,136,225,117,326,32,250,21,59,402,185,499,50,500,0.743314266204834
16,2,5,356,210,121,160,21,245,1,201,389,428,456,10,640,0.754462957382202
1,0,0,170,210,110,158,24,246,51,8,372,245,484,6,494,0.764838218688965
0,4,1,93,209,118,160,33,240,3,1,370,142,469,9,487,0.774752855300903
4,2,0,169,213,124,161,30,284,0,0,373,181,442,0,498,0.785330295562744
75,7,0,177,211,133,158,23,248,0,7,373,219,485,0,508,0.795937299728394
109,5,3,247,215,120,158,28,246,0,14,392,173,490,11,499,0.806399583816528
176,10,60,169,211,113,157,27,252,0,6,369,187,488,6,505,0.817357778549194
0,10,0,165,193,111,94,24,214,0,10,298,183,478,1,503,0.827745676040649
11,5,0,170,216,58,163,4,272,0,7,372,170,493,5,496,0.838052272796631
72,17,57,164,115,236,82,86,216,26,11,381,188,453,4,512,0.848406076431274
5,10,0,174,275,358,156,195,424,48,5,366,188,488,6,604,0.859259128570557
99,83,222,214,222,118,160,34,253,6,141,399,184,488,6,497,0.86977744102478
0,8,0,171,187,73,155,10,225,0,13,372,175,476,6,489,0.880807399749756
0,0,0,146,132,117,79,19,255,0,0,269,186,412,6,499,0.891235589981079
0,28,0,143,226,114,179,26,247,0,22,476,137,494,7,383,0.901805400848389
0,4,9,198,218,118,160,131,252,50,87,380,245,491,5,605,0.912210941314697
2,11,2,171,207,120,126,28,243,2,268,467,183,431,2,498,0.922909021377563
0,5,1,149,214,119,154,24,251,0,4,370,289,480,6,546,0.933333873748779
0,10,0,164,208,103,157,7,252,0,6,376,155,480,13,478,0.943609714508057
3,9,4,173,209,117,123,21,257,6,9,356,190,267,5,496,0.954018592834473
42,7,16,263,211,126,157,29,253,0,31,376,93,527,12,539,0.964710474014282
29,1,12,332,215,116,159,20,248,0,28,379,328,479,15,517,0.975335836410522
8,8,2,172,224,104,160,19,278,0,6,379,176,530,18,504,0.985815286636353
0,5,0,169,201,108,156,22,148,0,10,364,179,472,0,500,0.996389865875244
0,1,0,171,215,61,155,13,248,0,8,370,184,476,5,501,1.0072660446167
24,10,10,174,219,256,157,29,280,0,19,367,188,484,5,500,1.01796889305115
115,57,150,175,217,120,160,30,249,2,6,379,188,481,6,524,1.02835583686829
6,13,0,170,213,328,156,220,412,19,11,375,176,482,19,502,1.03908348083496
0,8,25,174,205,121,156,31,247,2,0,347,170,477,4,500,1.04938793182373
5,4,4,154,192,117,139,29,240,0,9,198,173,478,10,496,1.06022500991821
46,60,3,182,280,118,210,40,248,0,0,289,160,481,5,467,1.07103872299194
22,5,234,180,222,194,160,94,248,62,31,371,319,479,4,571,1.0817608833313
0,5,0,179,326,127,411,141,248,116,6,372,172,652,45,485,1.09243416786194
0,5,0,236,196,120,125,40,242,1,156,378,175,437,10,498,1.10297465324402
0,3,1,165,219,108,156,21,241,0,5,368,88,478,3,383,1.11326456069946
3,3,0,175,207,126,82,37,237,0,10,373,192,316,0,502,1.12390494346619
1,14,0,136,216,111,179,30,253,12,5,379,180,659,32,501,1.13396620750427
1,3,1,177,239,119,200,29,300,2,9,377,180,655,70,501,1.14447093009949
4,10,1,176,220,120,159,21,246,0,102,372,175,471,0,501,1.15548014640808
0,9,0,161,221,118,147,25,242,0,10,371,97,478,1,484,1.16561913490295
3,8,0,174,209,124,150,23,123,0,1,374,182,402,7,500,1.17613959312439
7,129,0,175,223,125,157,30,267,0,6,405,168,480,4,461,1.18682217597961
244,8,60,180,218,353,157,51,254,0,7,375,185,476,15,507,1.19755864143372
91,21,8,167,216,283,158,91,246,29,5,381,174,478,17,499,1.20781755447388
8,8,2,181,193,64,154,24,215,0,5,373,170,481,8,478,1.21895217895508
0,7,0,172,113,63,103,11,153,0,6,370,178,461,3,487,1.22941565513611
0,0,5,167,261,147,204,66,366,0,2,310,179,482,7,501,1.23941516876221
33,13,105,174,224,257,159,138,244,51,8,380,178,482,1,596,1.25010323524475
3,171,5,179,297,120,344,17,249,0,4,375,184,547,9,495,1.26123189926147
0,15,0,198,205,117,154,23,253,0,154,431,179,486,5,495,1.27140045166016
4,4,0,177,188,121,102,24,261,1,7,212,174,404,0,488,1.28211259841919
1,0,0,168,199,113,184,22,244,7,3,375,88,470,4,505,1.29244828224182
0,2,2,174,265,117,110,175,269,156,11,377,235,346,54,547,1.30300807952881
0,3,2,169,231,123,339,68,259,250,8,375,423,481,187,548,1.31380248069763
0,14,0,395,206,111,148,25,228,0,198,382,184,566,10,503,1.32419943809509
0,1,0,168,217,116,153,32,234,0,10,365,178,397,4,500,1.33509111404419
0,9,3,173,222,118,156,34,268,0,8,371,173,382,5,499,1.34524536132812
77,10,0,262,216,123,158,34,249,0,2,374,164,484,11,497,1.3555862903595
185,10,43,187,220,121,157,33,247,0,7,369,200,473,15,496,1.3666467666626
8,5,1,178,261,110,165,28,366,2,5,370,179,493,14,500,1.37707471847534
0,5,0,186,122,88,148,20,167,0,3,372,188,482,6,491,1.38757514953613
4,4,0,176,210,59,159,11,253,0,5,376,188,483,3,499,1.39769744873047
14,1,13,167,187,187,183,58,292,0,7,313,182,488,8,497,1.40836811065674
156,327,160,173,221,123,163,31,238,0,17,537,176,488,5,510,1.41928839683533
200,124,274,222,212,119,202,34,254,0,114,567,177,496,5,499,1.42996335029602
0,5,5,172,265,85,226,23,224,0,5,365,165,482,10,503,1.44050073623657
0,5,1,176,211,80,162,13,253,0,0,355,110,480,6,359,1.45087838172913
1,2,12,175,214,111,170,19,240,0,0,381,93,480,4,406,1.46157932281494
1,2,0,178,266,119,311,48,257,17,14,446,186,606,53,499,1.47231340408325
0,2,3,183,206,119,157,94,252,156,13,367,228,487,127,520,1.48286366462708
2,4,0,339,211,118,157,32,245,2,250,409,187,437,7,495,1.49336814880371
0,4,0,170,214,79,161,14,255,10,4,386,172,484,126,484,1.50373196601868
2,0,0,93,211,119,159,28,257,0,9,371,184,423,4,489,1.51418256759644
2,0,0,185,232,115,150,38,296,14,10,368,217,417,7,499,1.52493786811829
182,10,14,247,215,124,162,30,250,0,10,389,184,612,29,504,1.5356342792511
5,28,0,317,212,121,154,26,228,0,8,388,180,499,13,501,1.54620480537415
10,4,0,158,207,118,147,27,234,0,4,371,176,479,0,498,1.55667281150818
0,10,3,158,183,118,156,26,207,0,11,351,180,473,0,494,1.56709313392639
0,7,0,177,284,132,153,33,409,0,4,355,178,489,7,501,1.5777440071106
200,108,148,177,217,119,160,30,245,0,7,397,181,477,5,515,1.58869361877441
2,258,7,176,172,120,299,30,214,0,5,468,180,496,3,491,1.59914684295654
20,0,84,172,209,117,155,33,243,0,51,422,179,475,4,499,1.61021852493286
0,4,0,171,124,101,122,12,121,0,5,383,167,484,5,472,1.62064123153687
0,7,0,145,217,82,171,46,251,5,0,418,100,481,8,248,1.63069796562195
26,10,124,178,241,131,197,36,250,6,123,459,94,508,8,361,1.64147138595581
0,2,8,173,350,124,164,285,253,253,13,364,351,487,100,704,1.65216517448425
0,4,0,292,206,123,156,31,246,0,204,413,176,498,5,498,1.66270518302917
0,0,0,149,213,118,145,29,250,0,10,336,146,471,6,448,1.67357563972473
0,8,0,172,204,129,83,14,258,1,4,378,173,341,0,500,1.6836986541748
1,4,0,171,211,120,156,23,252,89,5,373,204,397,26,505,1.6945321559906
1,2,0,177,211,140,154,29,251,95,15,375,265,485,129,512,1.70502758026123
0,23,0,172,203,124,161,23,249,0,101,382,187,548,7,502,1.7152464389801
0,4,0,172,212,64,156,18,252,0,4,375,172,483,94,493,1.72618699073792
1,0,0,86,206,125,153,35,238,1,7,364,183,481,8,505,1.73630166053772
15,5,0,177,237,153,170,36,257,1,9,312,183,458,8,499,1.74716591835022
314,16,143,167,209,272,164,30,257,0,5,380,185,486,0,502,1.75785851478577
2,7,2,171,400,177,208,56,455,3,7,373,181,499,12,506,1.76849555969238
4,6,6,166,262,70,157,26,254,0,3,379,170,485,13,505,1.7787823677063
0,6,0,168,215,60,152,9,245,0,9,366,167,483,6,445,1.78942084312439
3,3,3,169,186,142,163,38,257,0,8,269,181,485,1,504,1.79946184158325
0,3,10,165,225,172,180,201,277,36,5,378,188,482,12,506,1.81052613258362
0,184,3,170,184,136,131,32,247,0,121,562,179,491,5,504,1.82059240341187
0,45,2,166,202,118,145,31,241,1,109,489,181,582,6,503,1.83154106140137
0,6,1,166,206,96,155,17,241,4,6,371,163,480,10,471,1.84214425086975
4,4,4,82,204,125,167,24,251,0,0,238,180,480,5,504,1.85224580764771
1,3,0,169,153,124,90,112,250,95,15,381,236,422,19,571,1.86309218406677
10,4,8,175,202,132,156,77,252,192,14,374,409,489,76,658,1.87336778640747
5,21,5,450,207,114,158,13,244,2,272,389,184,664,2,512,1.88422918319702
0,1,0,144,211,118,152,17,240,0,17,372,219,489,9,494,1.89506196975708
0,3,0,82,203,119,153,11,243,0,0,375,127,473,7,500,1.90542936325073
8,0,1,174,210,122,153,20,248,5,10,384,176,420,0,508,1.91594123840332
51,9,5,255,205,166,151,13,251,0,8,379,200,486,7,512,1.92658972740173
4,46,0,191,216,124,154,14,214,0,9,380,178,497,5,506,1.93674826622009
3,5,0,167,236,130,159,13,304,0,0,379,174,493,8,503,1.94760799407959
1,0,0,140,202,122,155,10,243,0,5,371,181,489,5,491,1.95770192146301
14,12,1,166,98,169,137,11,147,0,8,388,186,493,7,501,1.96826267242432
32,55,203,171,214,127,158,15,251,0,5,399,182,496,0,543,1.97944450378418
1,19,2,169,391,246,325,203,470,23,6,381,182,557,5,504,1.99008822441101
1,143,1,169,173,119,117,31,223,6,46,481,181,485,4,504,2.00062322616577
0,0,1,148,194,113,144,15,241,0,8,272,152,496,6,465,2.01107931137085
0,5,2,162,99,134,79,0,235,0,5,379,177,450,7,506,2.02148413658142
0,5,0,155,321,124,289,32,247,14,0,385,180,554,5,505,2.0317006111145
0,9,1,166,293,119,155,65,262,151,9,377,215,489,52,563,2.04220986366272
8,5,60,134,197,125,162,13,251,3,2,366,392,490,8,761,2.0527355670929
0,3,3,240,205,118,145,10,247,0,124,286,179,468,8,510,2.06322169303894
0,6,2,133,201,109,154,11,248,1,9,369,96,484,5,293,2.07366538047791
4,3,0,171,195,134,124,8,214,1,6,376,240,509,2,528,2.08405828475952
0,6,3,172,205,120,207,12,261,11,36,386,197,486,178,508,2.09533786773682
6,7,0,151,225,115,170,12,313,17,5,381,256,491,243,504,2.10546088218689
1,5,0,161,191,115,153,9,236,0,10,374,182,521,30,519,2.11598300933838
0,0,0,162,182,112,154,11,165,0,6,367,185,465,4,508,2.12641525268555
27,6,2,135,191,59,156,11,254,0,6,381,183,492,8,517,2.13693451881409
17,6,7,162,214,216,155,21,354,0,6,376,186,500,43,512,2.14743852615356
0,213,4,173,181,123,151,16,200,0,4,419,183,488,5,519,2.1579270362854
202,8,149,167,199,118,147,17,246,0,41,408,186,494,7,515,2.16885566711426
0,2,1,167,196,66,148,5,253,0,5,366,170,495,3,423,2.17894959449768
2,8,3,161,197,126,157,19,255,0,6,371,157,498,6,380,2.18941712379456
34,15,61,165,103,219,87,70,139,19,10,391,186,479,4,555,2.20017647743225
16,11,2,157,285,238,227,328,322,132,17,380,209,494,0,587,2.21116828918457
15,15,145,174,203,118,159,11,255,4,93,366,303,499,4,752,2.22188687324524
4,8,1,165,175,103,202,8,243,0,10,376,184,545,5,501,2.23232960700989
0,6,3,107,169,125,74,1,253,0,11,306,181,364,4,518,2.24250388145447
1,10,0,86,189,112,169,21,249,4,26,437,139,498,7,386,2.25295042991638
0,5,0,167,193,120,150,48,245,84,21,388,337,501,17,606,2.26364517211914
3,9,0,140,189,130,159,37,250,0,4,382,388,490,12,669,2.27429127693176
0,4,0,166,181,64,151,4,256,78,9,380,174,488,219,525,2.28469014167786
0,2,1,158,196,119,149,14,246,0,5,375,175,379,2,511,2.29524493217468
2,9,4,168,202,123,150,12,245,0,14,377,186,388,0,512,2.30608010292053
21,7,0,191,189,188,152,8,241,0,7,386,215,494,6,521,2.31669759750366
275,78,68,267,190,121,163,7,236,0,15,435,179,514,8,519,2.32678294181824
1,117,0,185,187,126,153,10,222,0,14,381,184,497,6,516,2.33721423149109
1,6,4,158,185,114,155,9,243,0,4,344,179,494,2,493,2.34774971008301
0,2,0,162,193,62,154,0,254,0,7,377,179,494,8,498,2.35855960845947
16,140,4,159,281,121,170,18,267,0,6,360,174,498,10,517,2.36920142173767
35,5,55,172,190,281,149,153,256,0,6,383,174,487,5,542,2.37982797622681
7,8,8,162,407,88,290,10,342,0,10,376,188,559,3,520,2.39011716842651
2,7,0,159,182,119,159,10,247,1,74,429,181,496,6,510,2.40031790733337
0,4,0,166,158,119,126,8,255,0,0,222,179,480,6,523,2.41097187995911
0,20,6,166,179,118,87,86,250,40,20,348,182,337,4,524,2.42162799835205
3,5,91,242,206,143,175,23,247,12,193,536,182,527,11,422,2.43244934082031
1,0,1,167,268,118,415,99,252,216,5,372,169,637,200,501,2.44297313690186
0,1,0,298,193,127,116,9,244,2,206,385,182,536,15,519,2.45347809791565
0,2,2,77,192,118,145,10,249,0,0,369,151,475,6,463,2.46370196342468
1,4,4,83,196,114,151,11,251,0,0,383,180,413,0,514,2.47417187690735
0,6,2,165,194,126,157,6,270,41,5,382,198,453,90,514,2.4848780632019
6,11,0,165,192,121,151,11,253,5,41,387,182,616,88,513,2.4955313205719
0,2,1,163,218,116,156,13,284,0,2,380,178,610,6,514,2.50599837303162
1,8,0,134,194,117,153,12,226,0,1,367,181,489,2,514,2.51652026176453
1,3,1,161,200,60,145,8,193,0,5,375,182,496,0,514,2.52686142921448
79,16,16,166,103,183,146,14,199,0,5,379,182,499,7,517,2.53724718093872
200,311,174,173,205,127,155,13,229,0,20,437,186,496,0,532,2.54826164245605
93,1,49,165,191,330,155,194,251,6,6,379,183,493,10,521,2.55930066108704
0,5,2,169,209,74,151,64,213,25,5,375,172,499,9,489,2.56955361366272
1,4,0,163,187,121,84,10,241,0,3,268,189,481,6,516,2.57963132858276
0,6,2,165,217,125,158,11,256,0,1,383,154,494,5,398,2.5905065536499
0,11,144,166,204,209,164,94,275,45,21,390,196,495,6,646,2.60092043876648
0,50,4,166,277,119,270,37,252,16,9,377,187,571,9,515,2.61128997802734
1,4,71,165,206,119,159,10,243,2,1,369,359,493,6,733,2.62181639671326
0,0,0,164,177,121,127,8,245,0,70,260,168,492,13,516,2.63260960578918
4,7,0,165,145,123,73,9,246,0,7,382,182,325,0,514,2.64294838905334
2,4,3,165,195,129,85,93,253,93,18,380,248,411,32,552,2.6541063785553
5,2,9,403,195,144,156,28,251,3,250,391,300,494,16,622,2.66488075256348
1,5,1,192,196,119,153,12,250,88,8,386,203,493,8,529,2.67511916160583
0,6,2,205,192,124,147,8,246,0,21,377,184,446,12,514,2.68545532226562
2,0,1,82,198,119,152,15,251,0,6,376,133,477,5,497,2.69566440582275
6,31,2,101,198,123,161,12,262,1,6,392,184,516,6,509,2.70635986328125
8,8,1,172,206,124,157,14,400,0,8,378,184,506,88,511,2.71658515930176
0,161,3,173,198,123,197,15,220,0,9,377,179,520,12,513,2.72718691825867
1,51,1,165,190,113,158,9,224,0,5,355,183,497,2,510,2.7377941608429
1,5,0,173,196,118,153,10,253,0,8,361,168,484,2,446,2.74836897850037
72,19,52,166,184,105,135,8,184,0,8,380,183,504,0,510,2.75899863243103
12,10,17,171,168,342,132,218,295,23,12,384,183,457,8,508,2.76976418495178
133,162,302,176,187,124,147,16,247,5,57,461,200,488,7,671,2.78015995025635
47,16,131,167,209,125,166,14,245,1,29,347,213,495,8,676,2.79096984863281
0,2,0,170,198,87,151,8,253,9,3,356,127,486,3,400,2.80130743980408
0,0,4,108,188,119,80,20,249,0,10,243,184,393,5,507,2.81190419197083
0,5,63,173,207,121,158,12,258,0,35,388,269,485,7,635,2.82266473770142
4,12,0,306,214,127,193,18,249,0,199,458,187,602,13,504,2.83334279060364
5,0,5,132,202,124,161,15,244,4,4,382,350,481,9,633,2.84369277954102
1,2,0,160,206,112,153,9,251,20,5,374,172,491,135,495,2.85414385795593
0,9,0,134,202,123,158,20,252,3,0,379,95,484,6,453,2.86440682411194
8,12,0,80,206,128,152,9,244,3,16,381,104,494,17,509,2.87481451034546
82,28,4,191,234,127,166,15,267,2,7,393,188,626,46,511,2.88555073738098
9,50,0,165,215,125,163,21,229,2,7,374,178,621,119,504,2.89634656906128
2,27,0,198,186,118,146,22,186,0,8,368,173,483,8,511,2.90705943107605
0,0,2,166,207,60,160,17,248,0,6,377,172,491,0,500,2.91733932495117
1,28,3,172,212,130,157,21,270,0,16,386,173,492,9,484,2.92794942855835
140,152,91,167,216,124,156,18,251,0,6,402,180,492,8,508,2.93835020065308
2,13,2,169,208,257,159,116,249,0,11,378,195,497,3,515,2.94910383224487
1,5,2,164,380,109,268,24,281,0,6,375,181,496,4,503,2.9595046043396
0,1,3,163,199,122,150,24,245,1,3,325,116,485,9,444,2.97003698348999
4,5,1,161,227,62,161,17,234,0,8,381,174,483,0,487,2.98041653633118
0,0,13,169,248,145,189,108,271,51,0,316,188,384,0,514,2.9913375377655
37,91,239,242,207,128,150,34,249,2,314,596,277,492,5,568,3.00158739089966
4,2,9,168,257,118,360,90,249,115,8,375,182,706,70,494,3.01233434677124
0,4,0,149,212,125,148,19,250,0,12,367,220,488,4,507,3.02291393280029
1,0,0,97,207,129,91,15,246,4,4,326,180,351,2,496,3.03332018852234
4,5,0,189,207,118,155,14,240,0,24,371,169,493,0,544,3.04396748542786
1,5,0,317,206,126,149,34,251,96,14,378,271,491,7,520,3.05443143844604
3,5,3,168,238,119,177,23,294,47,13,376,162,487,149,502,3.06520366668701
0,6,0,150,211,91,161,21,250,0,11,379,217,491,8,496,3.07569265365601
4,3,0,170,211,122,154,33,237,0,0,347,174,350,0,500,3.08624172210693
61,5,0,174,174,102,151,15,187,0,8,375,135,487,7,500,3.0967230796814
286,250,20,234,210,123,156,25,249,0,12,400,184,476,6,496,3.10758900642395
321,124,205,203,209,125,155,27,246,0,10,386,175,493,7,521,3.11815881729126
1,118,0,165,174,118,146,31,186,1,29,401,182,484,6,503,3.12897419929504
0,7,0,174,157,63,130,11,192,0,6,374,183,492,6,498,3.13907814025879
4,2,4,167,203,137,81,22,301,0,8,256,181,461,4,499,3.14957189559937
10,3,10,163,173,220,135,187,294,18,10,376,182,490,0,510,3.16033792495728
6,211,2,185,201,127,155,25,244,2,150,599,179,497,2,501,3.17096066474915
0,84,1,172,195,128,128,26,252,0,7,548,184,622,7,501,3.18171572685242
0,3,0,166,208,80,160,60,258,35,2,365,168,484,24,445,3.19217252731323
2,6,2,146,207,122,155,26,251,0,9,364,90,480,3,334,3.20241975784302
0,3,2,93,204,124,199,18,254,8,32,413,159,534,8,456,3.21281623840332
16,1,9,189,212,129,165,101,248,95,31,382,372,485,33,647,3.22367477416992
0,4,2,169,210,124,243,26,251,82,7,377,173,654,231,505,3.23405504226685
5,0,0,270,207,119,152,13,248,0,20,373,265,497,17,517,3.24474954605103
2,7,0,158,202,116,155,16,253,0,6,380,105,487,5,506,3.25511598587036
1,0,2,172,215,128,167,16,297,0,7,377,181,418,4,510,3.26589822769165
84,8,0,180,210,180,158,25,248,0,8,379,206,492,5,510,3.27634930610657
210,54,0,237,209,121,155,20,251,0,4,415,184,498,7,501,3.28681087493896
0,3,2,169,242,122,158,26,318,1,5,373,174,494,58,504,3.29748773574829
1,6,2,177,113,104,87,18,137,0,8,373,182,465,0,506,3.30826187133789
2,2,9,165,221,136,150,18,288,0,6,317,177,486,5,505,3.31851124763489
39,10,34,163,109,288,82,149,206,25,10,383,184,467,6,504,3.3292236328125
2,7,0,173,346,284,253,227,455,11,4,376,174,499,7,505,3.33965301513672
106,19,200,172,216,121,159,29,254,1,16,326,218,484,5,661,3.35080647468567
4,1,0,171,200,75,155,57,228,27,10,358,157,485,1,416,3.36094522476196
0,7,2,161,214,65,160,4,247,0,0,367,121,476,5,359,3.37115621566772
0,54,0,192,217,127,185,26,251,3,56,481,104,495,7,384,3.38188171386719
0,7,60,231,207,123,167,31,264,0,163,413,259,493,5,621,3.39254879951477
0,3,3,169,208,126,160,202,241,211,7,370,132,482,180,450,3.40337586402893
0,0,2,158,209,128,152,30,254,0,7,373,312,485,4,547,3.41353106498718
0,0,0,165,204,104,154,8,235,0,2,375,144,486,16,483,3.42415428161621
0,5,0,191,186,128,158,22,244,0,1,379,88,491,11,480,3.43467140197754
33,8,15,238,213,127,161,26,250,0,118,373,123,522,11,485,3.44540452957153
191,11,12,330,212,117,156,26,243,1,20,373,181,594,8,521,3.45592713356018
4,6,0,161,208,141,159,32,249,9,11,379,206,491,7,487,3.46645379066467
0,6,0,136,202,129,160,31,244,0,3,368,176,490,4,495,3.47690606117249
8,8,0,180,183,134,134,20,272,0,8,380,182,483,0,501,3.48709797859192
187,18,94,177,210,137,159,15,250,0,2,374,186,480,7,500,3.49792575836182
166,31,113,174,209,128,159,28,248,0,13,373,189,490,10,522,3.50950932502747
5,6,6,183,203,310,159,231,245,23,9,376,186,485,19,504,3.51994776725769
0,37,1,166,191,120,146,23,244,0,14,358,184,475,10,497,3.53067564964294
0,0,2,165,201,120,153,28,247,0,7,201,177,481,4,500,3.5406768321991
15,5,64,181,128,177,102,61,191,2,56,379,133,481,5,555,3.55154728889465
2,73,177,223,214,126,173,35,249,4,251,557,206,501,3,474,3.5618052482605
0,6,12,171,207,131,159,288,241,307,0,381,274,481,235,671,3.5724983215332
0,2,0,182,207,119,162,60,239,114,16,369,122,485,130,438,3.58332252502441
0,2,0,160,207,128,118,27,249,0,7,380,170,426,2,490,3.59382367134094
0,6,0,81,217,124,167,28,263,0,9,362,180,476,25,500,3.60427498817444
2,5,0,255,211,118,160,38,251,30,8,367,285,491,10,510,3.61493825912476
1,56,2,339,213,123,154,24,253,5,89,382,181,468,9,496,3.62532210350037
31,4,1,309,210,117,159,28,246,0,6,373,177,483,19,494,3.63600158691406
1,3,1,172,137,107,159,23,122,0,6,373,167,487,9,494,3.64642381668091
2,0,0,88,209,123,168,22,281,0,1,368,186,483,8,497,3.65682530403137
25,5,3,129,265,137,191,32,287,0,8,351,178,489,12,508,3.66759562492371
0,12,158,173,212,328,159,97,481,2,5,373,188,484,4,503,3.67819929122925
6,186,1,187,216,127,160,35,229,0,25,413,185,487,4,500,3.68874549865723
2,2,2,173,172,76,128,31,211,0,6,367,172,479,6,499,3.69888496398926
0,0,0,167,108,59,103,12,149,0,6,373,178,463,4,488,3.70951366424561
13,7,28,183,112,180,91,17,281,0,5,375,177,487,4,505,3.720046043396
17,16,119,175,219,259,156,166,247,88,17,373,193,483,9,630,3.73105311393738
3,2,5,175,327,112,159,104,287,59,8,376,166,488,11,456,3.74149227142334
0,2,29,178,208,115,162,22,248,0,4,357,296,483,5,673,3.7527232170105
4,6,0,177,103,126,86,12,247,0,8,371,176,417,7,483,3.76309847831726
0,8,0,87,210,125,197,36,246,0,5,311,197,492,4,515,3.7733633518219
1,8,0,103,214,134,175,29,242,37,10,458,187,471,48,465,3.7837381362915
3,20,2,258,216,128,179,35,250,0,242,406,183,695,135,497,3.79442977905273
1,7,0,176,216,109,168,19,249,1,6,367,183,692,56,495,3.8050012588501
5,8,0,169,210,121,154,25,229,1,0,370,120,481,45,501,3.81586122512817
3,5,0,170,209,105,162,25,250,0,6,375,147,484,7,498,3.82630109786987
15,2,0,181,208,149,162,26,318,0,6,379,185,454,85,499,3.83695840835571
150,12,26,188,210,119,164,40,248,0,3,372,199,488,13,508,3.84749388694763
3,6,0,171,211,244,162,52,239,10,7,377,184,489,108,503,3.85770320892334
3,4,1,188,212,93,159,23,192,0,7,367,183,487,4,487,3.86813879013062
0,7,1,183,112,125,156,21,125,0,8,375,178,467,4,493,3.87870502471924
43,58,7,177,268,135,182,38,280,4,10,358,148,485,6,431,3.88933086395264
4,171,6,175,259,121,196,252,408,10,5,374,172,477,3,506,3.90022945404053
2,3,0,178,444,153,373,203,299,27,4,371,181,529,17,484,3.91082739830017
4,16,2,173,214,120,178,25,252,0,17,323,187,484,7,604,3.92140579223633
0,0,2,171,205,71,172,21,241,0,5,355,120,481,0,353,3.93130278587341
3,2,0,172,117,132,92,15,238,0,6,370,180,348,0,509,3.94160008430481
0,4,1,181,276,128,346,43,241,17,12,462,186,481,64,494,3.95221781730652
2,8,5,172,224,129,177,113,248,150,7,361,188,490,130,487,3.96310210227966
0,1,6,161,210,121,177,33,248,0,0,374,366,480,7,611,3.9736328125
2,1,0,167,213,110,179,18,250,1,7,368,160,478,59,470,3.98434472084045
0,6,0,175,213,120,149,25,245,0,8,370,169,478,3,493,3.99480867385864
30,3,8,196,221,114,178,29,251,0,29,370,169,486,9,500,4.00531029701233
1,3,1,178,240,140,190,31,369,47,7,373,185,520,112,496,4.01579928398132
4,5,0,184,242,112,184,42,315,1,7,368,181,598,81,496,4.02635264396667
0,10,1,178,202,118,171,33,158,0,6,359,178,475,5,497,4.03723788261414
0,4,0,177,164,61,158,29,130,0,4,372,171,472,2,497,4.04735016822815
20,5,7,169,192,244,181,36,228,0,7,369,182,474,7,490,4.05779218673706
186,75,127,183,222,127,175,33,245,2,7,381,173,478,1,508,4.06880044937134
0,10,2,172,217,336,181,207,246,12,4,371,191,480,10,500,4.07955837249756
2,0,3,182,308,90,183,48,222,0,4,366,176,489,4,489,4.08981466293335
3,3,0,176,124,100,137,10,130,0,2,366,175,484,9,459,4.10034251213074
1,5,6,157,275,124,200,46,255,0,0,192,184,479,5,514,4.11054182052612
0,50,11,186,324,142,286,92,285,38,0,367,177,540,5,504,4.1213014125824
19,71,246,222,208,113,168,34,253,5,288,594,324,477,4,579,4.1325888633728
0,3,4,178,219,119,184,175,244,188,10,367,167,483,121,549,4.1430447101593
0,4,0,169,209,115,148,15,241,3,5,371,169,494,13,469,4.15353679656982
1,0,3,170,230,120,184,18,229,0,5,372,86,477,2,425,4.16433906555176
1,10,0,198,215,129,175,34,249,0,24,373,254,481,0,561,4.17495393753052
6,5,5,177,221,123,216,35,273,21,10,365,179,635,134,491,4.18558955192566
55,5,7,382,217,117,185,37,247,0,76,359,177,440,8,517,4.19557785987854
0,7,0,167,217,63,180,19,250,0,7,366,143,478,7,487,4.20637845993042
3,4,0,176,210,106,177,24,122,0,6,371,167,481,4,496,4.21656656265259
127,19,40,114,213,63,183,21,252,1,10,371,154,483,2,473,4.22723054885864
183,217,58,241,223,125,186,35,232,0,8,381,172,476,10,504,4.23819327354431
7,233,1,200,212,122,185,32,231,0,34,433,177,488,5,496,4.248783826828
3,4,2,174,211,144,179,51,240,1,7,363,173,481,6,489,4.25930833816528
1,0,2,181,106,121,144,25,168,0,7,304,178,467,5,493,4.26954293251038
28,6,22,184,109,173,101,36,199,0,8,370,181,476,6,500,4.28011918067932
3,94,10,184,378,122,288,42,276,0,13,449,185,492,12,498,4.29096102714539
1,184,13,174,196,117,154,34,246,1,112,544,173,485,3,499,4.30156517028809
0,2,0,178,213,112,180,250,247,170,5,368,299,483,7,455,4.31244111061096
3,5,0,137,188,125,142,26,247,0,40,235,176,449,0,494,4.32307124137878
0,5,0,176,221,118,184,12,232,0,2,368,183,484,3,488,4.33356785774231
1,12,0,159,214,113,228,33,253,11,71,452,101,542,8,378,4.34388470649719
0,20,0,180,217,123,301,40,257,245,12,407,188,486,268,495,4.35432887077332
3,18,0,393,218,118,188,31,244,0,193,368,180,586,9,486,4.36496090888977
0,7,0,137,216,120,182,32,244,0,4,365,208,476,5,482,4.37527561187744
0,0,0,176,212,125,178,31,232,0,2,369,171,403,1,496,4.3856999874115
0,19,0,172,215,126,181,30,254,0,1,369,138,484,12,491,4.396409034729
8,64,0,183,229,123,186,35,265,5,2,391,181,515,105,494,4.40693640708923
6,164,2,225,219,128,187,21,215,1,6,378,178,485,8,494,4.41737222671509
60,1,9,174,217,118,184,35,241,0,8,362,175,482,9,471,4.42810940742493
1,7,1,165,192,123,184,24,241,0,0,248,177,476,3,494,4.43853831291199
19,7,0,176,126,189,177,61,214,0,4,359,183,477,0,495,4.44911360740662
19,14,23,179,166,353,139,221,320,3,4,377,180,482,14,505,4.4598913192749
211,176,295,185,205,120,179,37,244,0,40,435,248,473,4,639,4.47068476676941
33,5,137,185,223,118,190,40,241,0,7,319,198,482,8,691,4.48146939277649
0,4,2,172,155,67,141,24,238,0,8,362,161,428,0,476,4.49163341522217
5,4,0,182,207,122,115,56,250,0,2,234,179,418,0,495,4.50233674049377
5,4,35,213,212,125,190,26,247,5,28,378,306,479,6,656,4.51277899742126
2,0,1,178,278,128,336,40,261,35,3,366,201,560,117,492,4.52335929870605
3,2,1,176,222,119,316,46,253,0,9,370,179,706,0,490,4.53412532806396
5,0,0,227,220,122,177,33,240,1,54,321,178,457,7,496,4.54479146003723
1,2,0,173,217,123,178,24,254,0,6,360,171,334,0,496,4.55486369132996
0,5,1,182,199,151,140,38,201,0,6,366,222,462,16,490,4.56558465957642
0,16,0,182,232,121,189,41,296,73,7,369,193,435,212,485,4.57633447647095
73,12,46,278,213,126,180,40,243,1,14,369,289,484,14,501,4.5870144367218
62,27,5,200,213,116,177,38,244,0,11,358,174,475,8,484,4.59762263298035
0,5,0,175,158,60,166,26,144,0,3,366,170,476,4,491,4.60806131362915
10,0,1,175,268,136,185,33,348,0,8,367,178,475,6,496,4.61872410774231
5,11,8,165,293,240,192,77,404,3,9,372,171,482,1,494,4.62888193130493
2,6,1,172,226,175,186,107,399,4,6,366,182,476,5,498,4.63948178291321
88,0,118,174,222,129,188,35,241,0,4,354,185,478,11,561,4.65035057067871
0,4,5,174,219,121,183,38,239,0,3,330,147,484,6,384,4.66037845611572
0,18,0,177,108,154,92,57,219,0,6,367,170,417,9,494,4.67086458206177
46,30,185,190,229,79,189,29,245,0,54,405,101,485,5,419,4.68191981315613
10,9,241,217,215,217,168,40,246,2,290,563,264,481,5,528,4.69269704818726
0,4,3,179,263,111,381,59,240,79,9,368,175,687,36,488,4.70341372489929
3,7,0,132,215,122,179,35,246,1,7,316,205,473,4,526,4.71387839317322
2,4,0,177,212,123,122,18,250,2,4,365,161,378,5,480,4.72433948516846
2,4,0,162,217,121,193,41,252,0,32,371,90,493,7,447,4.73460173606873
0,6,0,178,220,129,218,41,268,67,11,373,195,554,179,494,4.74539971351624
60,3,10,282,221,117,186,43,246,3,53,371,173,467,17,491,4.75596165657043
20,3,0,159,216,125,181,30,240,0,5,366,239,484,9,495,4.76669907569885
2,0,1,175,215,119,165,39,214,0,8,360,172,384,7,500,4.77671217918396
49,2,0,164,182,64,181,9,198,7,4,371,148,476,4,487,4.78729391098022
9,64,4,176,199,131,187,46,421,0,10,367,172,469,48,496,4.7978343963623
3,278,0,178,263,115,194,31,321,0,34,422,175,497,23,489,4.80843925476074
131,53,80,183,222,127,190,36,247,0,13,359,180,474,6,500,4.81894397735596
0,2,0,178,198,69,180,36,246,0,0,286,153,481,2,453,4.82955145835876
2,3,0,173,220,67,181,19,249,0,6,362,176,477,4,429,4.83995604515076
135,27,154,175,222,143,184,19,245,1,5,378,185,472,5,595,4.8507969379425
0,4,0,182,387,120,353,137,284,31,6,364,176,493,1,490,4.86130332946777
33,0,157,174,222,121,193,39,243,1,4,334,290,472,7,691,4.87203693389893
2,5,1,171,214,70,185,110,246,65,3,357,177,479,48,462,4.88259553909302
5,0,2,90,205,126,169,42,240,0,6,184,177,432,4,488,4.89266228675842
6,5,1,179,154,119,141,39,249,11,10,379,220,479,5,543,4.90295100212097
0,12,0,179,232,119,252,137,248,252,11,372,198,368,200,503,4.91405129432678
0,4,11,300,225,124,192,35,249,0,122,372,416,461,9,599,4.92473816871643
1,6,0,288,216,123,182,33,242,7,90,360,171,433,15,502,4.93527269363403
0,0,0,160,193,118,190,42,210,0,0,366,104,477,9,485,4.94604778289795
0,1,0,97,225,126,187,38,250,0,0,363,178,467,18,495,4.95667052268982
10,1,1,180,222,134,189,48,380,4,10,366,198,488,0,499,4.96734142303467
5,108,0,181,224,131,181,44,196,0,4,365,177,484,21,492,4.97776055335999
1,3,0,178,222,207,193,47,245,6,12,370,162,480,79,488,4.988205909729
1,10,2,171,193,118,187,37,208,0,0,278,179,478,5,487,4.99847316741943
1,8,0,179,224,63,186,13,258,0,5,365,172,473,1,488,5.00899076461792
12,2,4,171,213,177,196,63,310,0,9,280,175,481,7,491,5.01970744132996
7,11,285,177,217,355,193,226,450,42,8,362,190,477,6,586,5.03083300590515
0,195,2,185,369,130,210,47,245,4,96,614,179,491,3,493,5.04102635383606
4,2,0,158,207,94,186,67,241,0,14,360,167,477,7,536,5.05305075645447
3,0,0,176,106,117,98,33,249,0,6,245,171,412,5,488,5.06165385246277
3,0,6,176,211,129,95,64,248,6,6,376,189,385,5,514,5.07232069969177
4,24,4,236,236,120,312,43,249,8,90,499,185,589,14,498,5.08280467987061
4,12,0,182,228,122,354,42,249,1,15,491,171,630,8,491,5.09331870079041
1,1,1,304,217,127,183,33,250,1,145,335,172,450,15,494,5.10435605049133
0,5,0,105,221,123,181,42,249,1,8,357,96,471,7,315,5.11454916000366
1,3,2,202,197,139,195,41,183,6,9,361,87,478,2,501,5.12513136863708
0,5,0,183,218,131,165,42,248,132,10,363,209,349,125,496,5.1356418132782
27,4,5,168,218,181,192,50,245,129,6,363,256,478,202,504,5.14663505554199
89,3,0,281,221,119,184,33,243,0,13,371,176,470,11,487,5.15733981132507
1,0,0,141,193,113,176,38,149,2,7,347,167,461,3,489,5.1675136089325
6,6,1,179,155,81,183,43,126,0,11,369,177,472,10,490,5.178142786026
10,11,3,173,274,132,201,43,403,4,6,369,177,473,11,492,5.18858551979065
5,7,14,179,340,125,195,56,364,1,3,365,176,485,4,494,5.19937205314636
7,2,2,180,326,100,188,189,421,52,4,362,179,481,15,487,5.21000719070435
1,3,1,180,215,129,191,96,254,0,8,359,168,479,6,487,5.22054147720337
3,7,0,160,192,113,160,37,236,0,0,198,177,465,4,492,5.23104858398438
47,65,56,176,231,67,195,28,253,3,22,430,165,479,5,293,5.24185347557068
5,129,12,167,425,127,389,70,268,28,58,436,179,582,6,507,5.25274729728699
0,89,4,302,210,119,295,30,245,0,316,613,177,561,13,497,5.26348280906677
0,3,0,182,216,120,187,99,247,121,12,371,144,476,97,443,5.27399253845215
2,11,0,162,210,119,181,21,234,1,8,366,92,474,5,372,5.28409028053284
3,4,1,90,222,121,205,40,246,0,4,338,176,411,5,493,5.2943754196167
11,3,1,191,219,128,192,49,252,17,23,362,313,483,5,534,5.30523657798767
8,1,4,346,218,127,191,53,244,6,113,364,182,515,7,493,5.31553673744202
0,5,1,135,221,117,197,31,247,1,8,360,307,474,5,496,5.32618737220764
3,3,2,178,202,121,177,39,125,0,7,359,174,400,0,492,5.33650064468384
2,8,2,170,218,138,187,37,245,1,8,368,92,471,10,479,5.34702491760254
11,107,0,126,219,125,183,39,264,1,10,376,179,499,35,486,5.35770177841187
6,8,7,186,308,216,243,62,441,3,10,360,173,480,47,493,5.36847877502441
9,20,5,182,216,261,192,54,236,2,1,371,175,480,16,500,5.37932968139648
0,17,2,178,141,109,168,32,145,2,5,336,173,473,4,493,5.38952612876892
0,4,0,171,224,66,189,21,247,0,8,360,179,473,1,478,5.40019249916077
140,22,120,178,217,60,187,24,249,0,6,374,185,477,0,528,5.41085505485535
34,5,85,183,222,275,199,102,244,0,27,368,186,471,6,594,5.42133331298828
92,0,210,182,231,118,189,40,245,0,6,296,247,477,6,695,5.43190002441406
3,5,1,176,276,118,312,41,236,0,7,367,176,529,4,487,5.44191241264343
0,2,0,160,222,88,180,31,243,0,0,361,96,468,3,412,5.45269441604614
0,5,0,88,220,103,192,56,242,6,3,385,174,460,6,251,5.46314764022827
1,4,7,90,229,128,286,80,245,61,5,328,184,403,43,500,5.47350931167603
3,9,0,319,241,122,332,52,253,0,225,468,177,654,13,492,5.48394703865051
0,7,2,173,223,125,256,50,237,20,7,361,169,724,115,492,5.49466824531555
0,0,5,176,212,120,145,40,226,0,8,360,173,519,4,484,5.50540137290955
0,3,0,92,221,120,183,32,245,0,9,372,95,467,4,470,5.51574277877808
0,0,8,177,219,137,188,46,270,24,5,360,189,401,47,491,5.52649855613708
72,8,7,299,218,130,198,42,250,0,10,367,238,481,21,499,5.53665113449097
3,0,5,182,248,119,196,31,233,0,8,372,176,547,1,489,5.54706788063049
12,1,0,176,215,123,187,44,235,0,6,364,162,481,3,486,5.55780601501465
0,4,0,112,220,122,190,40,241,0,8,366,171,481,0,448,5.56851887702942
9,4,0,187,168,168,192,45,248,2,3,295,175,477,0,493,5.57918071746826
166,293,128,184,220,124,192,41,233,1,27,444,180,488,6,480,5.58994150161743
276,186,288,195,218,122,191,43,244,0,10,382,185,477,3,616,5.60038924217224
55,17,0,195,194,123,161,45,242,0,55,423,177,469,4,491,5.61087274551392
0,0,0,173,106,110,94,32,198,0,7,294,177,463,5,491,5.62114858627319
3,0,2,182,210,130,92,35,259,0,4,294,177,422,5,498,5.63174414634705
6,7,12,179,267,135,203,218,247,136,8,371,183,478,11,502,5.64253520965576
0,43,1,244,210,129,179,52,244,1,190,464,177,495,6,501,5.65306758880615
0,0,2,177,223,121,191,190,252,205,9,365,154,478,183,463,5.6636643409729
0,5,0,220,216,117,173,41,242,0,71,279,177,458,8,494,5.67413377761841
0,4,5,92,216,126,174,37,243,0,0,350,177,432,8,498,5.6843638420105
6,5,0,188,227,124,176,42,260,41,6,373,248,424,2,506,5.69502305984497
26,2,5,196,219,193,187,58,251,137,16,364,375,483,101,519,5.7058093547821
21,5,0,170,216,130,187,49,245,57,4,360,182,483,304,492,5.71685171127319
6,7,0,174,201,87,182,21,175,0,5,365,171,487,16,499,5.72731256484985
0,1,0,167,208,76,191,35,143,0,5,367,156,483,0,492,5.73769068717957
3,6,0,175,206,185,183,51,368,0,9,378,176,480,0,491,5.7480571269989
13,14,37,178,218,257,185,59,408,0,7,372,168,476,0,497,5.7583646774292
222,1,104,179,221,123,190,37,250,0,31,365,172,474,2,525,5.76930499076843
0,5,1,176,215,181,193,144,240,0,7,363,180,476,7,517,5.78003931045532
0,5,2,175,219,123,183,38,235,0,8,324,114,474,7,327,5.79065012931824
30,10,54,172,236,70,205,21,206,0,7,371,174,483,0,504,5.80113792419434
122,30,236,178,223,149,198,41,242,1,36,398,222,484,0,469,5.81136751174927
11,207,2,230,314,123,375,37,257,0,226,601,177,546,5,493,5.82232356071472
2,9,48,178,225,124,189,38,249,0,42,314,291,479,7,711,5.83319664001465
3,0,0,130,217,124,178,32,241,1,8,290,146,471,4,483,5.84359979629517
0,10,0,175,200,127,102,15,244,1,5,368,178,360,5,492,5.85400223731995
9,3,0,254,219,121,193,29,247,0,98,375,89,503,8,588,5.86423516273499
3,7,0,179,218,119,195,42,246,62,71,368,181,606,160,492,5.87486338615417
0,6,0,173,224,112,226,43,254,165,8,371,123,482,230,487,5.8855836391449
0,5,0,302,214,121,192,44,248,3,39,370,178,480,5,489,5.89618968963623
0,2,0,179,172,118,182,41,122,2,9,365,173,302,4,487,5.90666151046753
38,22,0,192,210,62,193,16,249,4,0,356,148,481,9,499,5.91735124588013
135,136,5,145,243,128,204,38,243,0,5,383,172,509,25,491,5.92797160148621
5,3,24,178,209,161,185,58,417,2,8,363,184,478,76,497,5.93833208084106
21,5,24,172,217,162,189,39,247,0,6,367,176,478,7,502,5.94883513450623
0,1,3,181,215,63,186,17,153,0,8,351,178,480,3,475,5.95938301086426
25,9,17,177,114,104,133,17,140,4,5,368,174,458,4,493,5.97009587287903
17,9,11,174,237,273,243,198,370,5,8,366,176,480,5,504,5.98088121414185
162,11,185,177,222,123,189,45,252,1,18,338,202,479,6,632,5.99170637130737
1,1,0,180,216,126,185,249,225,145,17,369,177,482,12,456,6.00258755683899
0,3,0,177,216,82,194,31,241,0,2,350,120,471,4,466,6.012615442276
2,4,0,172,225,124,198,17,244,0,7,366,171,489,0,480,6.02277851104736
0,6,58,152,222,120,238,36,242,6,63,451,109,527,6,384,6.03394627571106
2,4,20,184,214,144,195,177,243,148,12,368,412,482,87,666,6.04438257217407
1,5,0,233,219,125,189,78,243,3,89,369,415,472,9,484,6.05511212348938
1,0,0,249,217,126,169,42,244,5,57,352,177,405,22,491,6.06520652770996
0,6,2,178,212,119,166,41,210,0,5,366,166,381,0,493,6.07570552825928
0,0,0,89,231,126,192,42,277,0,6,363,179,496,30,486,6.08629059791565
23,2,4,301,221,151,194,34,248,5,14,368,214,481,3,502,6.09701204299927
8,4,0,177,212,210,189,74,398,12,5,371,180,476,158,495,6.10767889022827
0,3,1,184,192,112,191,34,242,0,9,362,181,479,4,495,6.1181366443634
0,3,0,136,220,120,182,37,245,0,5,359,178,476,10,433,6.12848281860352
76,11,2,183,219,63,193,41,211,0,6,369,168,478,9,490,6.13872694969177
31,11,26,180,139,335,147,161,312,28,8,370,178,474,5,502,6.14955592155457
0,9,4,170,411,278,352,201,498,14,4,367,176,503,10,492,6.16025185585022
94,24,163,173,231,123,193,40,250,0,7,334,197,479,4,620,6.17101693153381
8,6,3,168,126,110,108,22,186,0,12,355,182,464,4,483,6.18159317970276
1,8,2,176,216,61,189,27,249,0,4,373,147,482,0,384,6.19209837913513
0,5,13,180,195,157,128,179,245,62,12,368,249,480,7,513,6.20283627510071
0,5,8,183,217,121,192,198,246,150,13,374,234,480,73,548,6.21366095542908
3,0,11,338,217,130,161,34,243,4,248,362,178,431,6,497,6.22394490242004
2,3,8,172,201,122,147,23,231,32,0,365,166,476,138,492,6.23473310470581
0,3,0,182,203,125,95,40,233,0,9,366,172,346,5,486,6.24490690231323
1,0,0,185,224,114,212,34,255,14,7,363,227,490,3,498,6.25552368164062
5,11,17,213,220,166,187,33,321,27,16,370,339,483,15,529,6.26632928848267
112,11,5,314,218,122,193,36,244,3,13,373,330,483,9,502,6.2771201133728
52,0,2,144,209,124,191,38,240,0,4,348,193,477,5,493,6.28724384307861
2,5,0,176,202,77,174,26,171,0,4,361,174,480,0,493,6.29773664474487
0,4,0,143,230,136,190,39,344,0,7,350,180,478,6,496,6.30822944641113
113,127,70,180,219,124,187,36,252,0,6,381,176,489,3,507,6.31907606124878
225,6,140,181,218,122,195,37,243,4,6,359,182,485,9,517,6.3296594619751
171,4,144,179,223,125,186,38,238,0,6,359,185,481,8,571,6.34020566940308
3,14,1,133,180,109,167,31,217,0,6,294,182,470,2,495,6.35082817077637
0,3,2,179,106,141,94,23,162,0,8,367,171,450,0,492,6.36105871200562
0,6,38,181,119,154,105,117,302,45,4,374,185,406,0,553,6.371737241745
12,17,147,208,216,282,185,210,250,197,13,349,228,486,7,631,6.38259196281433
7,4,7,178,299,127,383,75,248,82,9,367,175,701,67,494,6.39322113990784
0,0,0,157,216,120,177,30,255,48,9,369,153,474,7,437,6.40367674827576
3,2,4,118,209,126,102,26,245,0,9,321,181,344,4,494,6.41494560241699
3,7,0,192,207,124,185,16,248,0,12,375,161,486,7,542,6.42478442192078
1,4,1,178,217,125,184,43,254,89,16,364,328,485,39,527,6.43577647209167
2,39,0,389,214,116,181,33,247,5,175,379,183,450,6,502,6.44644832611084
0,8,0,164,213,93,181,37,242,0,7,375,218,481,9,487,6.45665717124939
0,5,0,148,210,123,184,36,245,4,0,364,89,477,0,485,6.46749043464661
36,8,0,185,190,124,171,29,207,0,7,371,183,479,4,500,6.47774052619934
57,136,24,241,209,125,178,42,257,0,4,400,156,487,4,480,6.48809838294983
2,6,8,180,306,157,187,40,469,1,7,366,177,505,41,494,6.4989287853241
16,6,3,181,273,89,186,35,325,0,5,373,181,485,3,494,6.5089693069458
0,7,4,175,139,103,161,31,138,0,4,330,181,478,7,497,6.51933431625366
0,8,0,185,219,93,166,35,254,0,4,339,166,487,4,458,6.52991151809692
14,168,4,183,233,130,178,46,254,0,5,485,178,484,6,482,6.54061532020569
10,6,6,189,386,122,315,124,335,12,5,367,179,494,8,500,6.55124735832214
103,3,111,189,199,123,134,42,252,9,165,567,179,487,0,500,6.56188559532166
0,3,7,178,217,69,173,105,252,37,5,368,176,475,22,480,6.57239270210266
2,1,0,106,211,121,171,39,249,0,0,350,89,485,8,339,6.58284258842468
2,10,5,114,227,112,217,44,247,1,1,323,187,493,4,468,6.5936803817749
11,12,18,233,215,118,174,42,250,6,223,508,142,509,24,387,6.6043164730072
7,9,0,408,216,121,180,38,250,0,302,443,186,697,0,501,6.61471080780029
0,0,1,176,214,122,162,34,251,1,18,359,292,481,6,532,6.62491798400879
4,5,4,143,213,120,120,37,242,0,1,371,176,384,1,496,6.63569116592407
8,5,0,85,217,113,165,36,248,0,7,373,90,479,7,497,6.64602613449097
1,13,0,130,211,122,162,32,280,0,0,379,189,572,32,502,6.65665149688721
8,4,0,185,217,184,148,42,251,12,5,370,192,489,136,496,6.6673264503479
0,14,19,169,214,118,165,35,245,0,7,378,195,480,7,503,6.67767977714539
1,3,0,179,220,66,164,11,247,0,5,371,185,475,12,490,6.6878879070282
1,3,0,167,210,126,165,37,272,0,7,347,179,481,5,494,6.69896626472473
63,11,39,181,116,234,162,18,210,0,5,376,182,476,0,525,6.70961475372314
258,310,227,180,206,134,175,39,227,0,10,480,182,488,7,522,6.72070550918579
187,94,241,197,257,122,140,51,249,0,67,581,178,489,5,498,6.73132157325745
0,2,0,183,236,69,164,20,207,4,5,365,179,486,3,485,6.74179363250732
0,7,1,178,164,61,165,22,208,0,6,365,156,475,0,366,6.75158524513245
0,2,8,183,111,181,84,83,239,16,7,374,179,407,4,505,6.76222157478333
4,52,0,194,262,130,296,52,245,8,54,499,180,548,5,493,6.77302026748657
13,3,81,172,215,125,170,38,254,1,18,327,267,483,2,613,6.78375220298767
0,6,4,182,232,112,290,46,250,0,6,366,181,690,10,498,6.79445052146912
0,6,1,161,214,121,161,34,243,0,1,356,148,472,3,396,6.8047411441803
0,4,9,183,210,123,176,20,236,0,4,367,187,483,6,481,6.81513023376465
0,15,3,184,216,124,176,33,249,7,85,391,115,557,17,427,6.82528734207153
0,18,1,182,221,124,203,46,257,141,11,369,182,526,320,501,6.83647322654724
0,23,0,352,218,121,171,36,237,0,33,376,176,465,12,484,6.8472375869751
0,1,2,178,207,84,167,32,197,0,1,371,177,452,8,499,6.85761117935181
0,3,1,177,180,108,160,30,149,0,1,370,184,454,7,498,6.86792087554932
5,6,1,161,218,127,174,38,376,0,7,367,185,479,9,490,6.87854790687561
233,15,110,178,214,118,174,44,244,0,9,369,190,485,5,515,6.88920116424561
3,6,8,175,211,292,171,119,243,14,6,370,181,481,19,502,6.89942860603333
19,0,2,176,192,118,165,34,242,0,7,291,180,479,4,491,6.90974354743958
0,3,0,177,205,124,164,34,250,0,0,183,180,477,7,492,6.92065834999084
36,11,75,183,176,156,154,44,149,4,7,373,183,474,11,516,6.93113994598389
6,118,3,182,443,125,217,307,300,178,9,372,174,459,10,499,6.94202280044556
2,0,1,181,406,121,427,176,260,91,8,361,174,608,18,480,6.95255327224731
0,3,46,163,219,110,184,48,247,0,6,307,249,484,7,632,6.96299934387207
2,0,4,156,218,130,168,43,254,0,7,280,153,419,8,427,6.97323060035706
3,1,0,176,200,119,93,15,245,1,4,369,193,328,5,497,6.98376321792603
0,5,6,180,225,125,278,49,244,17,14,392,193,442,133,491,6.99444150924683
0,2,0,243,210,154,176,40,248,4,58,360,360,480,7,556,7.00518202781677
4,1,2,399,220,120,184,43,249,1,164,370,181,414,23,484,7.01605010032654
2,2,0,176,167,111,155,34,161,0,5,372,176,491,7,493,7.02589535713196
0,5,0,93,213,123,180,41,256,0,0,358,177,459,3,495,7.03698134422302
33,5,2,183,182,154,181,53,157,0,7,368,188,413,1,498,7.04709935188293
198,88,20,309,215,116,188,33,237,1,8,379,195,488,11,513,7.05814552307129
0,7,0,175,282,106,201,42,291,0,7,369,182,499,26,495,7.0685760974884
1,0,0,187,197,77,174,24,200,0,13,362,178,462,12,494,7.07917261123657
0,2,0,177,123,57,160,15,129,0,4,370,171,472,5,491,7.08956980705261
10,4,2,180,239,147,194,47,349,0,6,314,177,477,5,492,7.0999128818512
10,7,14,179,303,235,188,165,404,1,7,370,180,478,5,525,7.11072874069214
0,276,1,188,179,125,157,46,221,4,85,550,180,484,5,498,7.12163066864014
3,0,1,175,323,117,273,39,175,0,7,367,176,496,8,489,7.13171887397766
1,7,1,163,183,120,159,38,244,0,0,211,176,461,5,487,7.14188814163208
1,11,0,186,222,102,195,62,249,6,9,399,89,481,4,255,7.15295338630676
3,3,14,178,133,145,104,201,238,152,9,374,207,364,43,533,7.16317296028137
11,2,79,319,215,119,174,38,244,1,296,423,320,477,8,602,7.17394375801086
1,10,2,368,215,122,144,48,235,0,254,394,184,540,13,492,7.18465185165405
1,7,0,108,220,113,174,37,249,0,7,359,185,462,8,443,7.19530558586121
5,1,0,181,214,125,176,41,261,0,8,350,174,357,1,486,7.20569634437561
0,3,0,208,219,125,188,41,248,0,71,370,102,497,10,487,7.21584606170654
1,6,0,184,235,120,189,41,274,42,4,369,211,485,107,498,7.22674083709717
6,4,0,179,230,123,190,39,353,0,10,364,180,586,6,486,7.23752498626709
2,5,1,176,217,83,190,34,239,0,2,366,187,478,4,500,7.24800753593445
0,2,0,180,211,62,184,23,119,0,7,364,167,485,0,491,7.25855875015259
77,6,5,179,156,101,157,22,158,0,0,369,182,482,0,493,7.26895308494568
281,30,209,184,224,220,184,38,249,0,6,371,188,483,2,516,7.27953815460205
0,4,143,181,221,254,185,226,511,54,7,362,175,484,28,517,7.28999280929565
100,29,111,180,226,121,190,39,250,0,10,318,179,475,1,531,7.30103302001953
0,4,0,174,217,64,181,21,244,0,3,349,166,482,3,383,7.31139230728149
12,3,3,180,238,63,197,50,243,0,0,379,145,476,3,351,7.32170748710632
0,46,5,175,221,122,170,210,253,119,11,371,177,473,12,506,7.33253479003906
0,5,3,183,376,119,358,39,261,10,8,370,181,582,6,492,7.34316992759705
0,5,88,171,223,127,185,38,249,0,0,356,349,479,7,727,7.35383152961731
2,1,0,186,210,117,159,31,250,3,46,227,178,455,3,493,7.36391401290894
0,6,2,176,209,123,188,20,250,1,4,359,169,480,0,485,7.37440204620361
0,3,3,150,226,124,209,60,260,63,6,314,193,311,80,497,7.38513565063477
4,8,5,187,223,138,185,52,264,121,14,366,399,484,58,601,7.39581274986267
36,6,18,299,213,122,194,39,248,1,34,372,416,468,8,543,7.40650820732117
5,1,0,179,214,103,180,30,227,5,5,366,163,480,137,483,7.41704058647156
2,0,0,106,214,118,188,42,243,0,0,364,152,470,6,485,7.42729306221008
18,6,0,180,214,172,191,39,229,0,2,366,176,455,7,500,7.43815612792969
139,13,24,200,220,221,187,56,246,0,0,368,175,476,7,505,7.44888091087341
3,6,30,180,221,124,192,44,246,0,5,373,177,474,4,495,7.45928716659546
3,4,1,176,214,230,190,121,243,8,3,366,176,481,18,492,7.47011518478394
0,10,4,176,184,117,177,38,204,2,2,230,179,472,2,489,7.48059725761414
10,18,19,175,240,172,191,19,128,0,7,364,180,476,6,484,7.49083948135376
24,12,44,175,135,288,110,157,251,44,8,375,180,475,5,532,7.50149154663086
4,251,7,182,416,118,351,43,252,132,9,576,169,536,29,477,7.51229190826416
2,19,2,177,217,145,192,205,252,171,2,376,190,478,7,542,7.52323317527771
0,4,2,157,223,116,187,40,259,5,1,291,155,469,4,505,7.53348779678345
6,6,0,182,197,118,106,22,248,0,3,361,170,368,0,476,7.54392242431641
1,8,2,207,219,126,209,40,248,2,69,430,86,498,3,416,7.55449366569519
2,7,1,184,234,117,291,60,250,111,11,361,179,586,165,498,7.56502461433411
3,8,0,135,212,127,196,49,242,174,8,375,382,477,10,479,7.57577037811279
5,1,0,301,228,122,187,39,243,3,43,355,176,464,5,496,7.58625316619873
9,0,0,180,221,118,185,37,236,0,1,356,173,299,0,494,7.5969352722168
31,4,0,205,153,149,180,57,146,0,3,365,89,483,14,494,7.60730838775635
5,40,2,182,232,121,197,57,385,4,5,364,184,453,150,492,7.61772394180298
10,186,2,271,233,123,198,40,252,0,16,419,178,491,8,490,7.62841987609863
0,99,2,175,243,103,188,36,186,0,3,365,179,479,14,489,7.63908910751343
0,2,0,171,210,121,185,37,242,0,5,304,173,472,5,471,7.65003299713135
5,4,2,181,150,146,183,48,260,0,0,272,177,480,7,491,7.66004228591919
181,19,176,183,226,183,198,50,242,0,31,428,170,479,7,494,7.67060399055481
7,5,5,173,362,106,305,104,289,7,6,365,181,485,8,490,7.68114042282104
12,11,0,177,219,260,188,282,253,146,10,363,178,476,72,447,7.69220328330994
0,6,0,178,185,109,209,32,192,0,9,361,174,480,4,483,7.70237231254578
0,2,4,108,197,121,164,42,249,0,6,189,179,442,4,496,7.71289825439453
0,3,0,136,188,122,148,98,248,61,2,260,183,270,2,499,7.72348713874817
2,15,0,182,263,111,386,59,253,32,116,463,204,468,172,495,7.73472285270691
16,14,0,435,219,123,211,50,242,0,307,427,177,679,7,490,7.74520039558411
2,6,0,265,219,118,181,47,242,8,109,355,178,467,25,485,7.75563597679138
0,1,0,166,216,103,189,35,247,0,7,361,84,482,2,452,7.76614427566528
23,5,0,195,217,121,180,42,245,0,9,362,192,474,5,492,7.77665519714355
18,4,6,316,221,138,192,33,251,0,10,370,226,484,15,497,7.7873682975769
146,14,11,304,219,122,190,45,246,0,13,362,165,489,8,499,7.79834151268005
53,5,1,178,217,123,190,44,241,3,5,357,182,482,5,490,7.80839085578918
8,0,1,148,202,120,189,47,224,0,1,346,175,474,5,487,7.81855988502502
39,59,0,180,221,117,190,47,241,0,11,368,180,475,4,486,7.82949352264404
56,227,9,173,318,132,209,63,262,0,1,337,177,478,2,484,7.84015607833862
11,292,12,192,425,105,227,33,320,0,36,581,170,497,10,492,7.8510582447052
5,7,7,181,376,115,287,90,277,1,6,367,173,487,1,493,7.86170887947083
5,4,4,161,135,114,127,29,235,0,10,335,166,456,3,485,7.8718888759613
0,2,0,176,224,121,188,46,245,0,0,277,130,471,3,355,7.88218402862549
0,5,14,174,177,156,108,133,255,65,11,366,179,417,20,513,7.89279174804688
3,14,0,224,231,125,266,48,242,6,141,476,178,563,6,495,7.90315628051758
3,3,0,179,220,131,191,196,251,136,7,365,145,477,72,439,7.91379022598267
3,0,0,179,202,127,184,43,215,0,5,366,178,612,5,492,7.92459154129028
0,2,4,103,228,126,167,35,242,0,1,339,177,421,4,497,7.93526530265808
0,3,1,187,214,140,163,58,197,1,9,370,240,497,2,502,7.94566893577576
0,11,0,157,227,125,201,40,265,13,45,369,179,501,60,490,7.95636749267578
71,8,31,358,218,122,187,41,250,0,37,365,354,469,10,505,7.96665835380554
2,2,0,181,219,110,186,40,228,0,5,367,154,479,138,492,7.9771511554718
0,6,1,129,220,76,186,31,249,0,5,365,170,473,1,484,7.98780989646912
22,5,0,168,180,165,193,39,151,0,5,367,182,474,7,488,7.99836540222168
89,115,51,182,225,124,186,42,251,0,9,371,174,471,2,494,8.00926876068115
280,7,199,183,225,126,201,42,244,0,13,361,177,479,2,488,8.02022075653076
3,9,147,185,223,239,191,44,243,0,0,353,194,472,1,541,8.03023791313171
0,3,0,182,188,95,99,26,132,0,5,361,179,469,9,485,8.04050731658936
7,6,12,178,228,65,191,24,260,0,6,366,176,475,8,474,8.05146408081055
3,149,6,164,273,133,233,51,254,0,64,371,176,475,4,402,8.06202459335327
26,8,202,183,224,273,196,176,245,134,11,348,257,478,4,665,8.07289290428162
0,5,13,179,326,121,399,79,245,59,7,367,174,477,73,486,8.08334589004517
2,0,9,160,216,127,182,43,251,0,1,304,223,475,3,568,8.09388971328735
